--
-- PostgreSQL database dump
--

\restrict 5ZhJtVA3h3e8DG9ekBdzrdwkTRHAaP0vLmTCGMS4Cl55O54Xk3pZ27n9jfY0NkR

-- Dumped from database version 18.0 (Debian 18.0-1.pgdg13+3)
-- Dumped by pg_dump version 18.0 (Debian 18.0-1.pgdg13+3)

SET statement_timeout = 0;
SET lock_timeout = 0;
SET idle_in_transaction_session_timeout = 0;
SET transaction_timeout = 0;
SET client_encoding = 'UTF8';
SET standard_conforming_strings = on;
SELECT pg_catalog.set_config('search_path', '', false);
SET check_function_bodies = false;
SET xmloption = content;
SET client_min_messages = warning;
SET row_security = off;

SET default_tablespace = '';

SET default_table_access_method = heap;

--
-- Name: check_method_translations; Type: TABLE; Schema: public; Owner: postgres
--

CREATE TABLE public.check_method_translations (
    check_method_id integer NOT NULL,
    language_id integer NOT NULL,
    translated_description text NOT NULL,
    translated_name character varying(255) NOT NULL
);


ALTER TABLE public.check_method_translations OWNER TO postgres;

--
-- Name: check_methods; Type: TABLE; Schema: public; Owner: postgres
--

CREATE TABLE public.check_methods (
    id integer NOT NULL,
    name character varying(255) NOT NULL,
    description text
);


ALTER TABLE public.check_methods OWNER TO postgres;

--
-- Name: check_methods_id_seq; Type: SEQUENCE; Schema: public; Owner: postgres
--

CREATE SEQUENCE public.check_methods_id_seq
    AS integer
    START WITH 1
    INCREMENT BY 1
    NO MINVALUE
    NO MAXVALUE
    CACHE 1;


ALTER SEQUENCE public.check_methods_id_seq OWNER TO postgres;

--
-- Name: check_methods_id_seq; Type: SEQUENCE OWNED BY; Schema: public; Owner: postgres
--

ALTER SEQUENCE public.check_methods_id_seq OWNED BY public.check_methods.id;


--
-- Name: condition_check_methods; Type: TABLE; Schema: public; Owner: postgres
--

CREATE TABLE public.condition_check_methods (
    condition_id integer NOT NULL,
    check_method_id integer NOT NULL
);


ALTER TABLE public.condition_check_methods OWNER TO postgres;

--
-- Name: condition_translations; Type: TABLE; Schema: public; Owner: postgres
--

CREATE TABLE public.condition_translations (
    condition_id integer NOT NULL,
    language_id integer NOT NULL,
    translated_name character varying(255) NOT NULL,
    translated_description text NOT NULL
);


ALTER TABLE public.condition_translations OWNER TO postgres;

--
-- Name: conditions; Type: TABLE; Schema: public; Owner: postgres
--

CREATE TABLE public.conditions (
    id integer NOT NULL,
    name character varying(255) NOT NULL,
    species character varying(4) NOT NULL,
    description text,
    CONSTRAINT conditions_species_check CHECK (((species)::text = ANY ((ARRAY['DOG'::character varying, 'CAT'::character varying])::text[])))
);


ALTER TABLE public.conditions OWNER TO postgres;

--
-- Name: conditions_id_seq; Type: SEQUENCE; Schema: public; Owner: postgres
--

ALTER TABLE public.conditions ALTER COLUMN id ADD GENERATED BY DEFAULT AS IDENTITY (
    SEQUENCE NAME public.conditions_id_seq
    START WITH 1
    INCREMENT BY 1
    NO MINVALUE
    NO MAXVALUE
    CACHE 1
);


--
-- Name: diagnoses; Type: TABLE; Schema: public; Owner: postgres
--

CREATE TABLE public.diagnoses (
    id bigint NOT NULL,
    submission_id uuid NOT NULL,
    condition_id integer NOT NULL,
    probability numeric(5,4) NOT NULL,
    model_md5_hash character varying(32) NOT NULL,
    CONSTRAINT diagnoses_probability_check CHECK (((probability >= (0)::numeric) AND (probability <= (1)::numeric)))
);


ALTER TABLE public.diagnoses OWNER TO postgres;

--
-- Name: diagnoses_id_seq; Type: SEQUENCE; Schema: public; Owner: postgres
--

ALTER TABLE public.diagnoses ALTER COLUMN id ADD GENERATED BY DEFAULT AS IDENTITY (
    SEQUENCE NAME public.diagnoses_id_seq
    START WITH 1
    INCREMENT BY 1
    NO MINVALUE
    NO MAXVALUE
    CACHE 1
);


--
-- Name: diagnosis_results; Type: TABLE; Schema: public; Owner: postgres
--

CREATE TABLE public.diagnosis_results (
    id integer NOT NULL,
    name character varying(512),
    body_part character varying(255),
    description text,
    pet_species character varying(255) NOT NULL,
    CONSTRAINT diagnosis_results_body_part_check CHECK (((body_part)::text = ANY ((ARRAY['EYE'::character varying, 'MOUTH'::character varying])::text[]))),
    CONSTRAINT diagnosis_results_pet_species_check CHECK (((pet_species)::text = ANY ((ARRAY['DOG'::character varying, 'CAT'::character varying])::text[])))
);


ALTER TABLE public.diagnosis_results OWNER TO postgres;

--
-- Name: diagnosis_results_id_seq; Type: SEQUENCE; Schema: public; Owner: postgres
--

ALTER TABLE public.diagnosis_results ALTER COLUMN id ADD GENERATED BY DEFAULT AS IDENTITY (
    SEQUENCE NAME public.diagnosis_results_id_seq
    START WITH 1
    INCREMENT BY 1
    NO MINVALUE
    NO MAXVALUE
    CACHE 1
);


--
-- Name: diagnosis_status; Type: TABLE; Schema: public; Owner: postgres
--

CREATE TABLE public.diagnosis_status (
    id smallint NOT NULL,
    description character varying(128),
    name character varying(128) NOT NULL
);


ALTER TABLE public.diagnosis_status OWNER TO postgres;

--
-- Name: diagnosis_status_id_seq; Type: SEQUENCE; Schema: public; Owner: postgres
--

ALTER TABLE public.diagnosis_status ALTER COLUMN id ADD GENERATED BY DEFAULT AS IDENTITY (
    SEQUENCE NAME public.diagnosis_status_id_seq
    START WITH 1
    INCREMENT BY 1
    NO MINVALUE
    NO MAXVALUE
    CACHE 1
);


--
-- Name: email_verifications; Type: TABLE; Schema: public; Owner: postgres
--

CREATE TABLE public.email_verifications (
    email_verification_fail_count integer DEFAULT 0 NOT NULL,
    email_verification_expiry timestamp with time zone,
    email_verification_requested_at timestamp(6) without time zone,
    email_verification_tries integer DEFAULT 0 NOT NULL,
    email_verification_token character varying(255),
    id bigint NOT NULL,
    email character varying(320) NOT NULL,
    email_verification_locked_at timestamp with time zone
);


ALTER TABLE public.email_verifications OWNER TO postgres;

--
-- Name: email_verifications_id_seq; Type: SEQUENCE; Schema: public; Owner: postgres
--

ALTER TABLE public.email_verifications ALTER COLUMN id ADD GENERATED BY DEFAULT AS IDENTITY (
    SEQUENCE NAME public.email_verifications_id_seq
    START WITH 1
    INCREMENT BY 1
    NO MINVALUE
    NO MAXVALUE
    CACHE 1
);


--
-- Name: flyway_schema_history; Type: TABLE; Schema: public; Owner: postgres
--

CREATE TABLE public.flyway_schema_history (
    installed_rank integer NOT NULL,
    version character varying(50),
    description character varying(200) NOT NULL,
    type character varying(20) NOT NULL,
    script character varying(1000) NOT NULL,
    checksum integer,
    installed_by character varying(100) NOT NULL,
    installed_on timestamp without time zone DEFAULT now() NOT NULL,
    execution_time integer NOT NULL,
    success boolean NOT NULL
);


ALTER TABLE public.flyway_schema_history OWNER TO postgres;

--
-- Name: languages; Type: TABLE; Schema: public; Owner: postgres
--

CREATE TABLE public.languages (
    id integer NOT NULL,
    name character varying(255) NOT NULL,
    native_name character varying(255) NOT NULL,
    code character varying(128) NOT NULL
);


ALTER TABLE public.languages OWNER TO postgres;

--
-- Name: languages_id_seq; Type: SEQUENCE; Schema: public; Owner: postgres
--

ALTER TABLE public.languages ALTER COLUMN id ADD GENERATED BY DEFAULT AS IDENTITY (
    SEQUENCE NAME public.languages_id_seq
    START WITH 1
    INCREMENT BY 1
    NO MINVALUE
    NO MAXVALUE
    CACHE 1
);


--
-- Name: notification_template_type; Type: TABLE; Schema: public; Owner: postgres
--

CREATE TABLE public.notification_template_type (
    id integer NOT NULL,
    color_code character varying(7),
    name character varying(512) NOT NULL,
    description character varying(2048)
);


ALTER TABLE public.notification_template_type OWNER TO postgres;

--
-- Name: notification_template_type_id_seq; Type: SEQUENCE; Schema: public; Owner: postgres
--

ALTER TABLE public.notification_template_type ALTER COLUMN id ADD GENERATED BY DEFAULT AS IDENTITY (
    SEQUENCE NAME public.notification_template_type_id_seq
    START WITH 1
    INCREMENT BY 1
    NO MINVALUE
    NO MAXVALUE
    CACHE 1
);


--
-- Name: permissions; Type: TABLE; Schema: public; Owner: postgres
--

CREATE TABLE public.permissions (
    id integer NOT NULL,
    description character varying(1024),
    name character varying(255) NOT NULL,
    CONSTRAINT check_permission_name_values CHECK (((name)::text = ANY ((ARRAY['can_reset_password'::character varying, 'can_deactivate_account'::character varying, 'can_reactivate_account'::character varying, 'can_manage_email_verification'::character varying, 'can_view_own_profile'::character varying, 'can_edit_own_profile'::character varying, 'can_view_other_user_profile'::character varying, 'can_follow_user'::character varying, 'can_unfollow_user'::character varying, 'can_block_user'::character varying, 'can_add_pet'::character varying, 'can_view_own_pets'::character varying, 'can_view_own_pet_detail'::character varying, 'can_edit_pet'::character varying, 'can_delete_pet'::character varying, 'can_start_walk'::character varying, 'can_end_walk'::character varying, 'can_update_walk_record'::character varying, 'can_view_own_walk_records'::character varying, 'can_view_own_walk_detail'::character varying, 'can_delete_walk_record'::character varying, 'can_view_weekly_summary'::character varying, 'can_use_health_check'::character varying, 'can_view_own_health_records'::character varying, 'can_view_shelter_profile'::character varying, 'can_edit_shelter_profile'::character varying, 'can_add_adoption_animal'::character varying, 'can_view_adoption_animals'::character varying, 'can_view_adoption_animal_detail'::character varying, 'can_edit_adoption_animal'::character varying, 'can_delete_adoption_animal'::character varying, 'can_manage_all_users'::character varying, 'can_manage_all_pets'::character varying, 'can_manage_all_shelters'::character varying, 'can_manage_all_walk_records'::character varying, 'can_manage_all_health_records'::character varying, 'can_access_system_metrics'::character varying, 'can_assign_roles'::character varying, 'can_update_health_records'::character varying])::text[])))
);


ALTER TABLE public.permissions OWNER TO postgres;

--
-- Name: permissions_id_seq; Type: SEQUENCE; Schema: public; Owner: postgres
--

ALTER TABLE public.permissions ALTER COLUMN id ADD GENERATED BY DEFAULT AS IDENTITY (
    SEQUENCE NAME public.permissions_id_seq
    START WITH 1
    INCREMENT BY 1
    NO MINVALUE
    NO MAXVALUE
    CACHE 1
);


--
-- Name: pets; Type: TABLE; Schema: public; Owner: postgres
--

CREATE TABLE public.pets (
    birthday date,
    is_neutered boolean NOT NULL,
    weight_kg numeric(4,2),
    created_at timestamp with time zone NOT NULL,
    id bigint NOT NULL,
    owner_id bigint NOT NULL,
    updated_at timestamp with time zone NOT NULL,
    breed character varying(255),
    gender character varying(255) NOT NULL,
    profile_image text,
    species character varying(255) NOT NULL,
    name character varying(255) NOT NULL,
    CONSTRAINT pets_gender_check CHECK (((gender)::text = ANY ((ARRAY['MALE'::character varying, 'FEMALE'::character varying, 'UNKNOWN'::character varying])::text[]))),
    CONSTRAINT pets_species_check CHECK (((species)::text = ANY ((ARRAY['DOG'::character varying, 'CAT'::character varying])::text[])))
);


ALTER TABLE public.pets OWNER TO postgres;

--
-- Name: pets_id_seq; Type: SEQUENCE; Schema: public; Owner: postgres
--

ALTER TABLE public.pets ALTER COLUMN id ADD GENERATED BY DEFAULT AS IDENTITY (
    SEQUENCE NAME public.pets_id_seq
    START WITH 1
    INCREMENT BY 1
    NO MINVALUE
    NO MAXVALUE
    CACHE 1
);


--
-- Name: qrtz_blob_triggers; Type: TABLE; Schema: public; Owner: postgres
--

CREATE TABLE public.qrtz_blob_triggers (
    sched_name character varying(120) NOT NULL,
    trigger_name character varying(200) NOT NULL,
    trigger_group character varying(200) NOT NULL,
    blob_data bytea
);


ALTER TABLE public.qrtz_blob_triggers OWNER TO postgres;

--
-- Name: qrtz_calendars; Type: TABLE; Schema: public; Owner: postgres
--

CREATE TABLE public.qrtz_calendars (
    sched_name character varying(120) NOT NULL,
    calendar_name character varying(200) NOT NULL,
    calendar bytea NOT NULL
);


ALTER TABLE public.qrtz_calendars OWNER TO postgres;

--
-- Name: qrtz_cron_triggers; Type: TABLE; Schema: public; Owner: postgres
--

CREATE TABLE public.qrtz_cron_triggers (
    sched_name character varying(120) NOT NULL,
    trigger_name character varying(200) NOT NULL,
    trigger_group character varying(200) NOT NULL,
    cron_expression character varying(120) NOT NULL,
    time_zone_id character varying(80)
);


ALTER TABLE public.qrtz_cron_triggers OWNER TO postgres;

--
-- Name: qrtz_fired_triggers; Type: TABLE; Schema: public; Owner: postgres
--

CREATE TABLE public.qrtz_fired_triggers (
    sched_name character varying(120) NOT NULL,
    entry_id character varying(95) NOT NULL,
    trigger_name character varying(200) NOT NULL,
    trigger_group character varying(200) NOT NULL,
    instance_name character varying(200) NOT NULL,
    fired_time bigint NOT NULL,
    sched_time bigint NOT NULL,
    priority integer NOT NULL,
    state character varying(16) NOT NULL,
    job_name character varying(200),
    job_group character varying(200),
    is_nonconcurrent boolean,
    requests_recovery boolean
);


ALTER TABLE public.qrtz_fired_triggers OWNER TO postgres;

--
-- Name: qrtz_job_details; Type: TABLE; Schema: public; Owner: postgres
--

CREATE TABLE public.qrtz_job_details (
    sched_name character varying(120) NOT NULL,
    job_name character varying(200) NOT NULL,
    job_group character varying(200) NOT NULL,
    description character varying(250),
    job_class_name character varying(250) NOT NULL,
    is_durable boolean NOT NULL,
    is_nonconcurrent boolean NOT NULL,
    is_update_data boolean NOT NULL,
    requests_recovery boolean NOT NULL,
    job_data bytea
);


ALTER TABLE public.qrtz_job_details OWNER TO postgres;

--
-- Name: qrtz_locks; Type: TABLE; Schema: public; Owner: postgres
--

CREATE TABLE public.qrtz_locks (
    sched_name character varying(120) NOT NULL,
    lock_name character varying(40) NOT NULL
);


ALTER TABLE public.qrtz_locks OWNER TO postgres;

--
-- Name: qrtz_paused_trigger_grps; Type: TABLE; Schema: public; Owner: postgres
--

CREATE TABLE public.qrtz_paused_trigger_grps (
    sched_name character varying(120) NOT NULL,
    trigger_group character varying(200) NOT NULL
);


ALTER TABLE public.qrtz_paused_trigger_grps OWNER TO postgres;

--
-- Name: qrtz_scheduler_state; Type: TABLE; Schema: public; Owner: postgres
--

CREATE TABLE public.qrtz_scheduler_state (
    sched_name character varying(120) NOT NULL,
    instance_name character varying(200) NOT NULL,
    last_checkin_time bigint NOT NULL,
    checkin_interval bigint NOT NULL
);


ALTER TABLE public.qrtz_scheduler_state OWNER TO postgres;

--
-- Name: qrtz_simple_triggers; Type: TABLE; Schema: public; Owner: postgres
--

CREATE TABLE public.qrtz_simple_triggers (
    sched_name character varying(120) NOT NULL,
    trigger_name character varying(200) NOT NULL,
    trigger_group character varying(200) NOT NULL,
    repeat_count bigint NOT NULL,
    repeat_interval bigint NOT NULL,
    times_triggered bigint NOT NULL
);


ALTER TABLE public.qrtz_simple_triggers OWNER TO postgres;

--
-- Name: qrtz_simprop_triggers; Type: TABLE; Schema: public; Owner: postgres
--

CREATE TABLE public.qrtz_simprop_triggers (
    sched_name character varying(120) NOT NULL,
    trigger_name character varying(200) NOT NULL,
    trigger_group character varying(200) NOT NULL,
    str_prop_1 character varying(512),
    str_prop_2 character varying(512),
    str_prop_3 character varying(512),
    int_prop_1 integer,
    int_prop_2 integer,
    long_prop_1 bigint,
    long_prop_2 bigint,
    dec_prop_1 numeric(13,4),
    dec_prop_2 numeric(13,4),
    bool_prop_1 boolean,
    bool_prop_2 boolean
);


ALTER TABLE public.qrtz_simprop_triggers OWNER TO postgres;

--
-- Name: qrtz_triggers; Type: TABLE; Schema: public; Owner: postgres
--

CREATE TABLE public.qrtz_triggers (
    sched_name character varying(120) NOT NULL,
    trigger_name character varying(200) NOT NULL,
    trigger_group character varying(200) NOT NULL,
    job_name character varying(200) NOT NULL,
    job_group character varying(200) NOT NULL,
    description character varying(250),
    next_fire_time bigint,
    prev_fire_time bigint,
    priority integer,
    trigger_state character varying(16) NOT NULL,
    trigger_type character varying(8) NOT NULL,
    start_time bigint NOT NULL,
    end_time bigint,
    calendar_name character varying(200),
    misfire_instr smallint,
    job_data bytea
);


ALTER TABLE public.qrtz_triggers OWNER TO postgres;

--
-- Name: refresh_tokens; Type: TABLE; Schema: public; Owner: postgres
--

CREATE TABLE public.refresh_tokens (
    expires_at timestamp with time zone NOT NULL,
    user_id bigint NOT NULL,
    id uuid NOT NULL
);


ALTER TABLE public.refresh_tokens OWNER TO postgres;

--
-- Name: role_permissions; Type: TABLE; Schema: public; Owner: postgres
--

CREATE TABLE public.role_permissions (
    permission_id integer NOT NULL,
    role_id smallint NOT NULL
);


ALTER TABLE public.role_permissions OWNER TO postgres;

--
-- Name: roles; Type: TABLE; Schema: public; Owner: postgres
--

CREATE TABLE public.roles (
    id smallint NOT NULL,
    description character varying(1024),
    name character varying(255) NOT NULL,
    CONSTRAINT check_role_values CHECK (((name)::text = ANY ((ARRAY['ADMIN'::character varying, 'AI_MODEL_SERVICE'::character varying, 'SHELTER'::character varying, 'USER'::character varying, 'BANNED_USER'::character varying, 'DEACTIVATED_USER'::character varying, 'DELETED_USER'::character varying, 'SOCIAL_ACCOUNT_USER'::character varying])::text[])))
);


ALTER TABLE public.roles OWNER TO postgres;

--
-- Name: roles_id_seq; Type: SEQUENCE; Schema: public; Owner: postgres
--

ALTER TABLE public.roles ALTER COLUMN id ADD GENERATED BY DEFAULT AS IDENTITY (
    SEQUENCE NAME public.roles_id_seq
    START WITH 1
    INCREMENT BY 1
    NO MINVALUE
    NO MAXVALUE
    CACHE 1
);


--
-- Name: shelters; Type: TABLE; Schema: public; Owner: postgres
--

CREATE TABLE public.shelters (
    latitude numeric(10,8),
    longitude numeric(11,8),
    id bigint NOT NULL,
    phone_number character varying(20),
    address character varying(512),
    introduction text,
    name character varying(255) NOT NULL
);


ALTER TABLE public.shelters OWNER TO postgres;

--
-- Name: shelters_id_seq; Type: SEQUENCE; Schema: public; Owner: postgres
--

ALTER TABLE public.shelters ALTER COLUMN id ADD GENERATED BY DEFAULT AS IDENTITY (
    SEQUENCE NAME public.shelters_id_seq
    START WITH 1
    INCREMENT BY 1
    NO MINVALUE
    NO MAXVALUE
    CACHE 1
);


--
-- Name: social_login_provider; Type: TABLE; Schema: public; Owner: postgres
--

CREATE TABLE public.social_login_provider (
    id smallint NOT NULL,
    name character varying(255) NOT NULL
);


ALTER TABLE public.social_login_provider OWNER TO postgres;

--
-- Name: social_login_provider_id_seq; Type: SEQUENCE; Schema: public; Owner: postgres
--

ALTER TABLE public.social_login_provider ALTER COLUMN id ADD GENERATED BY DEFAULT AS IDENTITY (
    SEQUENCE NAME public.social_login_provider_id_seq
    START WITH 1
    INCREMENT BY 1
    NO MINVALUE
    NO MAXVALUE
    CACHE 1
);


--
-- Name: social_login_user; Type: TABLE; Schema: public; Owner: postgres
--

CREATE TABLE public.social_login_user (
    id bigint NOT NULL,
    user_id bigint NOT NULL,
    provider_id smallint NOT NULL,
    provider_user_id character varying(255) NOT NULL,
    extra_data text,
    created_at timestamp(6) without time zone NOT NULL,
    updated_at timestamp(6) without time zone NOT NULL
);


ALTER TABLE public.social_login_user OWNER TO postgres;

--
-- Name: social_login_user_id_seq; Type: SEQUENCE; Schema: public; Owner: postgres
--

ALTER TABLE public.social_login_user ALTER COLUMN id ADD GENERATED BY DEFAULT AS IDENTITY (
    SEQUENCE NAME public.social_login_user_id_seq
    START WITH 1
    INCREMENT BY 1
    NO MINVALUE
    NO MAXVALUE
    CACHE 1
);


--
-- Name: submissions; Type: TABLE; Schema: public; Owner: postgres
--

CREATE TABLE public.submissions (
    id uuid DEFAULT uuidv7() NOT NULL,
    pet_id bigint NOT NULL,
    photo_url text NOT NULL,
    submitted_at timestamp(6) without time zone NOT NULL,
    completed_at timestamp(6) without time zone,
    status character varying(255) NOT NULL,
    failure_reason character varying(255),
    type character varying(255) DEFAULT 'EYE'::character varying NOT NULL,
    retry_count integer DEFAULT 0 NOT NULL,
    celery_task_string text,
    CONSTRAINT check_submission_status_values CHECK (((status)::text = ANY ((ARRAY['PENDING'::character varying, 'PROCESSING'::character varying, 'COMPLETED'::character varying, 'FAILED'::character varying, 'DELETED'::character varying, 'CANCELED'::character varying])::text[])))
);


ALTER TABLE public.submissions OWNER TO postgres;

--
-- Name: urine_analytes; Type: TABLE; Schema: public; Owner: postgres
--

CREATE TABLE public.urine_analytes (
    id integer NOT NULL,
    name character varying(512) NOT NULL,
    description character varying(2048)
);


ALTER TABLE public.urine_analytes OWNER TO postgres;

--
-- Name: urine_analytes_id_seq; Type: SEQUENCE; Schema: public; Owner: postgres
--

ALTER TABLE public.urine_analytes ALTER COLUMN id ADD GENERATED BY DEFAULT AS IDENTITY (
    SEQUENCE NAME public.urine_analytes_id_seq
    START WITH 1
    INCREMENT BY 1
    NO MINVALUE
    NO MAXVALUE
    CACHE 1
);


--
-- Name: urine_measurements; Type: TABLE; Schema: public; Owner: postgres
--

CREATE TABLE public.urine_measurements (
    id bigint NOT NULL,
    submission_id uuid NOT NULL,
    analyte_id integer NOT NULL,
    value character varying(512) NOT NULL,
    color_r smallint DEFAULT 0,
    color_g smallint DEFAULT 0,
    color_b smallint DEFAULT 0,
    CONSTRAINT chk_color_b CHECK (((color_b >= 0) AND (color_b <= 255))),
    CONSTRAINT chk_color_g CHECK (((color_g >= 0) AND (color_g <= 255))),
    CONSTRAINT chk_color_r CHECK (((color_r >= 0) AND (color_r <= 255)))
);


ALTER TABLE public.urine_measurements OWNER TO postgres;

--
-- Name: urine_measurements_id_seq; Type: SEQUENCE; Schema: public; Owner: postgres
--

ALTER TABLE public.urine_measurements ALTER COLUMN id ADD GENERATED BY DEFAULT AS IDENTITY (
    SEQUENCE NAME public.urine_measurements_id_seq
    START WITH 1
    INCREMENT BY 1
    NO MINVALUE
    NO MAXVALUE
    CACHE 1
);


--
-- Name: user_account_actions; Type: TABLE; Schema: public; Owner: postgres
--

CREATE TABLE public.user_account_actions (
    action_by_user_id bigint,
    action_timestamp timestamp with time zone NOT NULL,
    id bigint NOT NULL,
    user_id bigint NOT NULL,
    action_type character varying(50) NOT NULL,
    reason character varying(2048),
    CONSTRAINT user_account_actions_action_type_check CHECK (((action_type)::text = ANY ((ARRAY['DEACTIVATED'::character varying, 'REACTIVATED'::character varying, 'BANNED'::character varying, 'UNBANNED'::character varying, 'DELETED'::character varying, 'RESTORED'::character varying, 'EMAIL_VERIFIED'::character varying, 'PASSWORD_CHANGED'::character varying])::text[])))
);


ALTER TABLE public.user_account_actions OWNER TO postgres;

--
-- Name: user_account_actions_id_seq; Type: SEQUENCE; Schema: public; Owner: postgres
--

ALTER TABLE public.user_account_actions ALTER COLUMN id ADD GENERATED BY DEFAULT AS IDENTITY (
    SEQUENCE NAME public.user_account_actions_id_seq
    START WITH 1
    INCREMENT BY 1
    NO MINVALUE
    NO MAXVALUE
    CACHE 1
);


--
-- Name: users; Type: TABLE; Schema: public; Owner: postgres
--

CREATE TABLE public.users (
    email_verification_fail_count integer DEFAULT 0 NOT NULL,
    login_attempt integer DEFAULT 0 NOT NULL,
    password_reset_token_verify_fail_count integer DEFAULT 0 NOT NULL,
    role_id smallint NOT NULL,
    created_at timestamp with time zone NOT NULL,
    email_verification_expiry timestamp with time zone,
    email_verification_requested_at timestamp with time zone,
    email_verification_token character varying(255),
    id bigint NOT NULL,
    login_attempt_started_at timestamp with time zone,
    password_reset_requested_at timestamp with time zone,
    password_reset_token_expiry timestamp with time zone,
    updated_at timestamp with time zone NOT NULL,
    nickname character varying(128) NOT NULL,
    email character varying(320) NOT NULL,
    password character varying(255),
    password_reset_token character varying(255),
    profile_pic text,
    email_verification_tries integer DEFAULT 0 NOT NULL,
    public_id uuid DEFAULT uuidv7() NOT NULL
);


ALTER TABLE public.users OWNER TO postgres;

--
-- Name: users_id_seq; Type: SEQUENCE; Schema: public; Owner: postgres
--

ALTER TABLE public.users ALTER COLUMN id ADD GENERATED BY DEFAULT AS IDENTITY (
    SEQUENCE NAME public.users_id_seq
    START WITH 1
    INCREMENT BY 1
    NO MINVALUE
    NO MAXVALUE
    CACHE 1
);


--
-- Name: walks; Type: TABLE; Schema: public; Owner: postgres
--

CREATE TABLE public.walks (
    id bigint NOT NULL,
    pet_id bigint NOT NULL,
    start_time timestamp with time zone NOT NULL,
    end_time timestamp with time zone NOT NULL,
    distance_km numeric(7,2) NOT NULL,
    path_coordinates text
);


ALTER TABLE public.walks OWNER TO postgres;

--
-- Name: walks_id_seq; Type: SEQUENCE; Schema: public; Owner: postgres
--

CREATE SEQUENCE public.walks_id_seq
    START WITH 1
    INCREMENT BY 1
    NO MINVALUE
    NO MAXVALUE
    CACHE 1;


ALTER SEQUENCE public.walks_id_seq OWNER TO postgres;

--
-- Name: walks_id_seq; Type: SEQUENCE OWNED BY; Schema: public; Owner: postgres
--

ALTER SEQUENCE public.walks_id_seq OWNED BY public.walks.id;


--
-- Name: check_methods id; Type: DEFAULT; Schema: public; Owner: postgres
--

ALTER TABLE ONLY public.check_methods ALTER COLUMN id SET DEFAULT nextval('public.check_methods_id_seq'::regclass);


--
-- Name: walks id; Type: DEFAULT; Schema: public; Owner: postgres
--

ALTER TABLE ONLY public.walks ALTER COLUMN id SET DEFAULT nextval('public.walks_id_seq'::regclass);


--
-- Data for Name: check_method_translations; Type: TABLE DATA; Schema: public; Owner: postgres
--

COPY public.check_method_translations (check_method_id, language_id, translated_description, translated_name) FROM stdin;
1	1	AI 모델을 통한 안구 사진 분석을 기반으로 다양한 안과 질환을 진단하는 검사 방법입니다. 이 검사는 개와 고양이의 눈 건강 상태를 평가하고, 백내장, 결막염, 각막염 등 여러 안과 질환을 조기에 발견하는 데 도움을 줍니다.	안과 검사
2	1	AI 모델을 통한 소변 검사 스트립 분석을 기반으로 다양한 비뇨기 질환을 진단하는 검사 방법입니다. 이 검사는 개와 고양이의 소변 내 성분을 평가하여 요로 감염, 신장 질환, 당뇨병 등 여러 비뇨기 질환을 조기에 발견하는 데 도움을 줍니다.	소변 검사
\.


--
-- Data for Name: check_methods; Type: TABLE DATA; Schema: public; Owner: postgres
--

COPY public.check_methods (id, name, description) FROM stdin;
1	Eye Examination	AI 모델을 통한 안구 사진 분석을 기반으로 다양한 안과 질환을 진단하는 검사 방법입니다. 이 검사는 개와 고양이의 눈 건강 상태를 평가하고, 백내장, 결막염, 각막염 등 여러 안과 질환을 조기에 발견하는 데 도움을 줍니다.
2	Urine Analysis	AI 모델을 통한 소변 검사 스트립 분석을 기반으로 다양한 비뇨기 질환을 진단하는 검사 방법입니다. 이 검사는 개와 고양이의 소변 내 성분을 평가하여 요로 감염, 신장 질환, 당뇨병 등 여러 비뇨기 질환을 조기에 발견하는 데 도움을 줍니다.
\.


--
-- Data for Name: condition_check_methods; Type: TABLE DATA; Schema: public; Owner: postgres
--

COPY public.condition_check_methods (condition_id, check_method_id) FROM stdin;
1	1
2	1
3	1
4	1
5	1
6	1
7	1
8	1
9	1
10	1
11	1
12	1
13	1
14	1
15	1
\.


--
-- Data for Name: condition_translations; Type: TABLE DATA; Schema: public; Owner: postgres
--

COPY public.condition_translations (condition_id, language_id, translated_name, translated_description) FROM stdin;
1	1	안검염	눈꺼풀의 염증으로, 눈꺼풀이 붓거나 빨갛게 되고 가렵거나 비듬 등이 생길 수 있습니다.
2	1	백내장	눈의 수정체가 혼탁해져 빛이 망막에 제대로 도달하지 못하게 되어 시력이 저하되는 질환입니다.
3	1	결막염	눈꺼풀 안쪽과 안구 앞부분을 덮는 결막에 염증이 생긴 것입니다. 눈이 충혈되고 눈곱이 끼는 증상을 보입니다.
4	1	안검내반	눈꺼풀이 안구 쪽으로 말려 들어가 눈꺼풀의 털이나 피부가 각막을 자극하는 질환입니다.
5	1	안검 종양	눈꺼풀에 발생하는 비정상적인 혹 또는 덩어리입니다.
6	1	요실금	소변을 조절하는 능력에 문제가 생겨 의지와 상관없이 소변을 흘리는 증상입니다.
7	1	비궤양성 각막염	각막에 염증이 있지만, 각막 표면층이 손상되어 파이지 않은 상태의 각막 질환입니다.
8	1	핵경화증	나이가 들면서 수정체의 중심부가 단단해지고 밀도가 높아져 뿌옇게 보이는 자연스러운 노화 현상입니다.
9	1	색소성 각막염	각막에 검은색 또는 갈색의 멜라닌 색소가 침착되는 만성 염증성 질환입니다.
10	1	궤양성 각막염	각막 표면층이 손상되어 파인 상태, 즉 각막 궤양이 발생한 각막 염증입니다.
11	1	안검염	눈꺼풀에 발생하는 염증으로, 눈꺼풀이 붓고 빨갛게 되거나 가려움증, 비듬 등을 유발할 수 있습니다.
12	1	결막염	눈꺼풀 안쪽과 안구를 덮는 얇은 막인 결막에 염증이 생긴 것입니다. 눈 충혈, 눈곱, 눈물 흘림 등이 주요 증상입니다.
13	1	각막 이영양증	각막(검은 눈동자)에 유전적인 문제로 인해 비염증성 혼탁이 발생하는 질환입니다. 통증은 없으나 시력에 영향을 줄 수 있습니다.
14	1	각막 궤양	각막 표면층이 손상되어 궤양(상처)이 발생한 상태입니다. 눈을 깜빡이거나 비비는 등 통증이 심하며, 감염 시 위험합니다.
15	1	비궤양성 각막염	각막에 염증이 생겼으나, 각막 표면층(상피)이 파이지 않고 손상되지 않은 상태의 각막 질환입니다.
\.


--
-- Data for Name: conditions; Type: TABLE DATA; Schema: public; Owner: postgres
--

COPY public.conditions (id, name, species, description) FROM stdin;
1	Blepharitis	DOG	눈꺼풀의 염증으로, 눈꺼풀이 붓거나 빨갛게 되고 가렵거나 비듬 등이 생길 수 있습니다.
2	Cataract	DOG	눈의 수정체가 혼탁해져 빛이 망막에 제대로 도달하지 못하게 되어 시력이 저하되는 질환입니다.
3	Conjunctivitis	DOG	눈꺼풀 안쪽과 안구 앞부분을 덮는 결막에 염증이 생긴 것입니다. 눈이 충혈되고 눈곱이 끼는 증상을 보입니다.
4	Entropion	DOG	눈꺼풀이 안구 쪽으로 말려 들어가 눈꺼풀의 털이나 피부가 각막을 자극하는 질환입니다.
5	Eyelid Tumor	DOG	눈꺼풀에 발생하는 비정상적인 혹 또는 덩어리입니다.
6	Incontinence	DOG	소변을 조절하는 능력에 문제가 생겨 의지와 상관없이 소변을 흘리는 증상입니다.
7	Non-ulcerative Keratitis	DOG	각막에 염증이 있지만, 각막 표면층이 손상되어 파이지 않은 상태의 각막 질환입니다.
8	Nuclear Sclerosis	DOG	나이가 들면서 수정체의 중심부가 단단해지고 밀도가 높아져 뿌옇게 보이는 자연스러운 노화 현상입니다.
9	Pigmentary Keratitis	DOG	각막에 검은색 또는 갈색의 멜라닌 색소가 침착되는 만성 염증성 질환입니다.
10	Ulcerative Keratitis	DOG	각막 표면층이 손상되어 파인 상태, 즉 각막 궤양이 발생한 각막 염증입니다.
11	Blepharitis	CAT	눈꺼풀에 발생하는 염증으로, 눈꺼풀이 붓고 빨갛게 되거나 가려움증, 비듬 등을 유발할 수 있습니다.
12	Conjunctivitis	CAT	눈꺼풀 안쪽과 안구를 덮는 얇은 막인 결막에 염증이 생긴 것입니다. 눈 충혈, 눈곱, 눈물 흘림 등이 주요 증상입니다.
13	Corneal Dystrophy	CAT	각막(검은 눈동자)에 유전적인 문제로 인해 비염증성 혼탁이 발생하는 질환입니다. 통증은 없으나 시력에 영향을 줄 수 있습니다.
14	Corneal Ulcer	CAT	각막 표면층이 손상되어 궤양(상처)이 발생한 상태입니다. 눈을 깜빡이거나 비비는 등 통증이 심하며, 감염 시 위험합니다.
15	Non-ulcerative Keratitis	CAT	각막에 염증이 생겼으나, 각막 표면층(상피)이 파이지 않고 손상되지 않은 상태의 각막 질환입니다.
\.


--
-- Data for Name: diagnoses; Type: TABLE DATA; Schema: public; Owner: postgres
--

COPY public.diagnoses (id, submission_id, condition_id, probability, model_md5_hash) FROM stdin;
191	019b2f6e-2c26-7e67-bc89-3abdae5b2d52	11	0.1743	4f5bfde03cf52dafe56926165bb65257
192	019b2f6e-2c26-7e67-bc89-3abdae5b2d52	12	0.8905	dc9dc37b2ffc9b280fbcf8fab6b68e7a
193	019b2f6e-2c26-7e67-bc89-3abdae5b2d52	13	1.0000	defb045ade4acd765b00d28129856641
194	019b2f6e-2c26-7e67-bc89-3abdae5b2d52	14	0.9424	6b57b5f58d56bd454116a7e9605e726d
195	019b2f6e-2c26-7e67-bc89-3abdae5b2d52	15	0.9043	6f8d1d6af1c2e83f042c9cd348d9c6f7
196	019b2f6e-e8ba-7513-9599-ada63fcf87f5	11	0.0328	4f5bfde03cf52dafe56926165bb65257
197	019b2f6e-e8ba-7513-9599-ada63fcf87f5	12	0.8125	dc9dc37b2ffc9b280fbcf8fab6b68e7a
198	019b2f6e-e8ba-7513-9599-ada63fcf87f5	13	0.0011	defb045ade4acd765b00d28129856641
199	019b2f6e-e8ba-7513-9599-ada63fcf87f5	14	0.0115	6b57b5f58d56bd454116a7e9605e726d
200	019b2f6e-e8ba-7513-9599-ada63fcf87f5	15	0.0046	6f8d1d6af1c2e83f042c9cd348d9c6f7
\.


--
-- Data for Name: diagnosis_results; Type: TABLE DATA; Schema: public; Owner: postgres
--

COPY public.diagnosis_results (id, name, body_part, description, pet_species) FROM stdin;
\.


--
-- Data for Name: diagnosis_status; Type: TABLE DATA; Schema: public; Owner: postgres
--

COPY public.diagnosis_status (id, description, name) FROM stdin;
\.


--
-- Data for Name: email_verifications; Type: TABLE DATA; Schema: public; Owner: postgres
--

COPY public.email_verifications (email_verification_fail_count, email_verification_expiry, email_verification_requested_at, email_verification_tries, email_verification_token, id, email, email_verification_locked_at) FROM stdin;
\.


--
-- Data for Name: flyway_schema_history; Type: TABLE DATA; Schema: public; Owner: postgres
--

COPY public.flyway_schema_history (installed_rank, version, description, type, script, checksum, installed_by, installed_on, execution_time, success) FROM stdin;
1	1	create tables	SQL	V1__create_tables.sql	-1997821337	postgres	2025-11-19 01:21:39.388018	50	t
2	2	create roles permissions	SQL	V2__create_roles_permissions.sql	-1477902459	postgres	2025-11-19 01:21:39.484497	28	t
3	3	alter users table	SQL	V3__alter_users_table.sql	1913073823	postgres	2025-11-19 01:21:39.544416	4	t
4	4	alter users verification token type	SQL	V4__alter_users_verification_token_type.sql	-1967262171	postgres	2025-11-19 01:21:39.557869	4	t
5	5	alter users verification count	SQL	V5__alter_users_verification_count.sql	1901177096	postgres	2025-11-19 01:21:39.572103	11	t
6	6	alter users timestamp utc	SQL	V6__alter_users_timestamp_utc.sql	-1900003311	postgres	2025-11-19 01:21:39.59549	22	t
7	7	alter various tables timestamp utc	SQL	V7__alter_various_tables_timestamp_utc.sql	-2108216783	postgres	2025-11-19 01:21:39.630359	11	t
8	8	alter roles with enum	SQL	V8__alter_roles_with_enum.sql	1962536870	postgres	2025-11-19 01:21:39.652394	2	t
9	9	alter users various counts	SQL	V9__alter_users_various_counts.sql	-1742752184	postgres	2025-11-19 01:21:39.661346	12	t
10	10	alter permissions name with enum	SQL	V10__alter_permissions_name_with_enum.sql	1525101656	postgres	2025-11-19 01:21:39.683686	2	t
11	11	alter admin role permissions	SQL	V11__alter_admin_role_permissions.sql	1463169861	postgres	2025-11-19 01:21:39.695635	7	t
12	12	create email verifications table	SQL	V12__create_email_verifications_table.sql	969451505	postgres	2025-11-19 01:21:39.71143	10	t
13	13	alter users add column	SQL	V13__alter_users_add_column.sql	1832943635	postgres	2025-11-19 01:21:39.730121	3	t
14	14	alter email verifications table add column	SQL	V14__alter_email_verifications_table_add_column.sql	421073628	postgres	2025-11-19 01:21:39.741097	2	t
15	15	alter user email verification tables alter column type	SQL	V15__alter_user_email_verification_tables_alter_column_type.sql	-685578953	postgres	2025-11-19 01:21:39.753847	3	t
16	16	delete unverified user role	SQL	V16__delete_unverified_user_role.sql	789012727	postgres	2025-11-19 01:21:39.764763	5	t
17	17	delete unneeded permissions from roles	SQL	V17__delete_unneeded_permissions_from_roles.sql	2074613532	postgres	2025-11-19 01:21:39.777359	5	t
18	18	alter pets	SQL	V18__alter_pets.sql	-1328308635	postgres	2025-11-19 01:21:39.790746	8	t
19	19	create table walks	SQL	V19__create_table_walks.sql	1804912803	postgres	2025-11-19 01:21:39.808246	6	t
20	20	create diagnosis tables	SQL	V20__create_diagnosis_tables.sql	177353276	postgres	2025-11-19 01:21:39.822357	13	t
21	21	alter submissions table	SQL	V21__alter_submissions_table.sql	738937844	postgres	2025-11-19 01:21:39.846113	4	t
22	22	create condition tables	SQL	V22__create_condition_tables.sql	-1536859667	postgres	2025-11-19 01:21:39.858779	7	t
23	23	insert various rows related to conditions	SQL	V23__insert_various_rows_related_to_conditions.sql	1474427912	postgres	2025-11-19 01:21:39.875297	9	t
24	24	create table condition translations	SQL	V24__create_table_condition_translations.sql	354732331	postgres	2025-11-19 01:21:39.897255	15	t
25	25	modify and cleanup create condition table	SQL	V25__modify_and_cleanup_create_condition_table.sql	-346389212	postgres	2025-11-19 01:21:39.920238	12	t
26	26	cleanup condition translations and repopulate	SQL	V26__cleanup_condition_translations_and_repopulate.sql	1752493147	postgres	2025-11-19 01:21:39.942494	6	t
27	27	alter constraints condition translations check method translations	SQL	V27__alter_constraints_condition_translations_check_method_translations.sql	-865942173	postgres	2025-11-19 01:21:39.956108	6	t
28	28	generate ai model role	SQL	V28__generate_ai_model_role.sql	-2068706923	postgres	2025-11-19 01:21:39.968992	9	t
29	29	generate ai model account	SQL	V29__generate_ai_model_account.sql	-2104938344	postgres	2025-11-19 01:21:39.985704	5	t
30	30	alter submissions table	SQL	V30__alter_submissions_table.sql	-12127525	postgres	2025-11-19 01:21:39.997197	2	t
31	31	alter submissions column	SQL	V31__alter_submissions_column.sql	1719646077	postgres	2025-11-19 01:21:40.004234	1	t
32	32	alter submissions complete at	SQL	V32__alter_submissions_complete_at.sql	-552846389	postgres	2025-11-19 01:21:40.010571	1	t
33	33	create tables for quartz	SQL	V33__create_tables_for_quartz.sql	-291562980	postgres	2025-11-19 01:21:40.019303	53	t
34	34	alter submissions drop update token	SQL	V34__alter_submissions_drop_update_token.sql	273877103	postgres	2025-11-19 01:21:40.08217	5	t
35	35	alter users add public id column	SQL	V35__alter_users_add_public_id_column.sql	680808128	postgres	2025-11-19 01:21:40.095158	6	t
36	36	alter users modify constraints	SQL	V36__alter_users_modify_constraints.sql	408350283	postgres	2025-11-19 01:21:40.107615	2	t
37	37	alter roles constraints	SQL	V37__alter_roles_constraints.sql	-1224308682	postgres	2025-11-19 01:21:40.114652	3	t
38	38	create social login user	SQL	V38__create_social_login_user.sql	-1180806614	postgres	2025-11-19 01:21:40.123769	9	t
39	39	alter social login user drop constraint	SQL	V39__alter_social_login_user_drop_constraint.sql	2117404178	postgres	2025-11-19 01:21:40.138718	3	t
40	40	alter submissions diagnoses tables	SQL	V40__alter_submissions_diagnoses_tables.sql	1150550746	postgres	2025-11-19 01:21:40.14905	12	t
41	41	insert social login provider	SQL	V41__insert_social_login_provider.sql	-879928865	postgres	2025-11-19 01:21:40.167418	2	t
42	42	alter submissions insert column	SQL	V42__alter_submissions_insert_column.sql	873383468	postgres	2025-11-19 01:21:40.174912	2	t
43	43	alter submissions alter constraints	SQL	V43__alter_submissions_alter_constraints.sql	-454519411	postgres	2025-11-19 01:21:40.182384	3	t
44	44	create urine test related tables	SQL	V44__create_urine_test_related_tables.sql	69292742	postgres	2025-11-25 12:13:17.903393	27	t
45	45	alter urine measurements add constraints	SQL	V45__alter_urine_measurements_add_constraints.sql	1234960297	postgres	2025-11-25 12:13:17.983162	8	t
46	46	alter submissions add column retry count	SQL	V46__alter_submissions_add_column_retry_count.sql	1235989732	postgres	2025-11-25 12:13:18.004302	5	t
47	47	alter submissions alter constraints status	SQL	V47__alter_submissions_alter_constraints_status.sql	1870828816	postgres	2025-11-25 12:13:18.022955	7	t
48	48	alter submissions alter failure reason type	SQL	V48__alter_submissions_alter_failure_reason_type.sql	387651024	postgres	2025-11-25 12:13:18.040405	10	t
\.


--
-- Data for Name: languages; Type: TABLE DATA; Schema: public; Owner: postgres
--

COPY public.languages (id, name, native_name, code) FROM stdin;
1	Korean	한국어	ko
2	English	English	en
\.


--
-- Data for Name: notification_template_type; Type: TABLE DATA; Schema: public; Owner: postgres
--

COPY public.notification_template_type (id, color_code, name, description) FROM stdin;
\.


--
-- Data for Name: permissions; Type: TABLE DATA; Schema: public; Owner: postgres
--

COPY public.permissions (id, description, name) FROM stdin;
3	비밀번호 재설정	can_reset_password
4	계정 비활성화	can_deactivate_account
5	계정 재활성화	can_reactivate_account
6	사용자의 이메일 인증 절차 관리 (이메일 재전송 등)	can_manage_email_verification
7	자신의 프로필 보기	can_view_own_profile
8	자신의 프로필 수정	can_edit_own_profile
9	다른 사용자 프로필 보기	can_view_other_user_profile
10	사용자 팔로우	can_follow_user
11	사용자 언팔로우	can_unfollow_user
12	사용자 차단	can_block_user
13	반려동물 추가	can_add_pet
14	자신이 등록한 반려동물 목록 보기	can_view_own_pets
15	자신이 등록한 반려동물 상세 정보 보기	can_view_own_pet_detail
16	반려동물 정보 수정	can_edit_pet
17	반려동물 삭제	can_delete_pet
18	산책 기록 시작	can_start_walk
19	산책 기록 종료	can_end_walk
20	산책 기록 수정	can_update_walk_record
21	자신의 산책 기록 목록 보기	can_view_own_walk_records
22	자신의 산책 기록 상세 보기	can_view_own_walk_detail
23	산책 기록 삭제	can_delete_walk_record
24	주간 산책 요약 보기	can_view_weekly_summary
25	건강 검진 기능 사용	can_use_health_check
26	자신의 건강 기록 보기	can_view_own_health_records
27	보호소 프로필 보기	can_view_shelter_profile
28	보호소 프로필 수정	can_edit_shelter_profile
29	입양 동물 추가	can_add_adoption_animal
30	입양 동물 목록 보기	can_view_adoption_animals
31	입양 동물 상세 정보 보기	can_view_adoption_animal_detail
32	입양 동물 정보 수정	can_edit_adoption_animal
33	입양 동물 삭제	can_delete_adoption_animal
34	모든 사용자 관리	can_manage_all_users
35	모든 반려동물 관리	can_manage_all_pets
36	모든 산책 기록 관리	can_manage_all_walk_records
37	모든 건강 기록 관리	can_manage_all_health_records
38	시스템 지표 접근	can_access_system_metrics
39	역할 할당	can_assign_roles
40	모든 보호소 관리	can_manage_all_shelters
41	건강 기록 업데이트	can_update_health_records
\.


--
-- Data for Name: pets; Type: TABLE DATA; Schema: public; Owner: postgres
--

COPY public.pets (birthday, is_neutered, weight_kg, created_at, id, owner_id, updated_at, breed, gender, profile_image, species, name) FROM stdin;
2020-05-05	t	10.50	2025-12-18 03:06:48.984748+00	2	4	2025-12-18 03:06:48.984789+00	dogdog	MALE	\N	DOG	asdfasdf
2020-05-05	t	10.50	2025-12-18 03:07:59.042945+00	3	4	2025-12-18 03:07:59.042962+00	dogdog	MALE	\N	CAT	asdfasdf
2024-01-01	t	3.50	2026-05-13 10:22:52.451292+00	5	6	2026-05-13 10:22:52.725338+00	Maltese	MALE	pets/626079fe-46ed-46f6-8307-d17d6161f606.jpg	DOG	S3TestDog
2024-01-01	t	3.50	2026-05-13 10:58:26.724177+00	6	6	2026-05-13 10:58:27.029242+00	Maltese	MALE	pets/9fed27e0-7e9b-4806-947a-dcbca381d8d5.jpg	DOG	OVHFinalTest
2024-01-01	t	3.50	2026-05-13 11:16:07.720192+00	7	6	2026-05-13 11:16:07.720264+00	Maltese	MALE	\N	DOG	OVHS3RealTest
2024-01-01	t	3.50	2026-05-13 11:25:53.94068+00	8	6	2026-05-13 11:25:57.061473+00	Maltese	MALE	pets/03785a2e-6092-46b1-b592-a92d079acd7f.jpg	DOG	OVHSuccessFinal
2026-05-09	f	3.50	2026-05-12 12:18:54.737173+00	4	6	2026-05-14 20:00:56.612258+00	미상	MALE	\N	DOG	멍멍
\N	f	0.00	2026-05-15 09:16:41.106579+00	11	9	2026-05-15 09:16:42.859932+00	몰라요	MALE	pets/04306680-a1cd-4844-abcd-35769ef2be21.png	CAT	냐옹이
\.


--
-- Data for Name: qrtz_blob_triggers; Type: TABLE DATA; Schema: public; Owner: postgres
--

COPY public.qrtz_blob_triggers (sched_name, trigger_name, trigger_group, blob_data) FROM stdin;
\.


--
-- Data for Name: qrtz_calendars; Type: TABLE DATA; Schema: public; Owner: postgres
--

COPY public.qrtz_calendars (sched_name, calendar_name, calendar) FROM stdin;
\.


--
-- Data for Name: qrtz_cron_triggers; Type: TABLE DATA; Schema: public; Owner: postgres
--

COPY public.qrtz_cron_triggers (sched_name, trigger_name, trigger_group, cron_expression, time_zone_id) FROM stdin;
ClusteredQuartzScheduler	org.springframework.scheduling.quartz.CronTriggerFactoryBean@1c43b31d	DEFAULT	0/20 * * * * ?	GMT
ClusteredQuartzScheduler	org.springframework.scheduling.quartz.CronTriggerFactoryBean@68fab818	DEFAULT	0 0/1 * * * ?	GMT
ClusteredQuartzScheduler	org.springframework.scheduling.quartz.CronTriggerFactoryBean@67b3fd0e	DEFAULT	0/20 * * * * ?	GMT
ClusteredQuartzScheduler	org.springframework.scheduling.quartz.CronTriggerFactoryBean@57909e37	DEFAULT	0 0/10 * * * ?	GMT
ClusteredQuartzScheduler	org.springframework.scheduling.quartz.CronTriggerFactoryBean@22d989c0	DEFAULT	0 0/10 * * * ?	GMT
ClusteredQuartzScheduler	org.springframework.scheduling.quartz.CronTriggerFactoryBean@426bbfb4	DEFAULT	0 0/10 * * * ?	GMT
ClusteredQuartzScheduler	org.springframework.scheduling.quartz.CronTriggerFactoryBean@43b54374	DEFAULT	0/20 * * * * ?	GMT
ClusteredQuartzScheduler	org.springframework.scheduling.quartz.CronTriggerFactoryBean@6c837cd	DEFAULT	0 0/1 * * * ?	GMT
ClusteredQuartzScheduler	org.springframework.scheduling.quartz.CronTriggerFactoryBean@2f94339e	DEFAULT	0/20 * * * * ?	GMT
ClusteredQuartzScheduler	org.springframework.scheduling.quartz.CronTriggerFactoryBean@79871eeb	DEFAULT	0/20 * * * * ?	GMT
ClusteredQuartzScheduler	org.springframework.scheduling.quartz.CronTriggerFactoryBean@292a73f2	DEFAULT	0/20 * * * * ?	GMT
ClusteredQuartzScheduler	org.springframework.scheduling.quartz.CronTriggerFactoryBean@6256d908	DEFAULT	0/20 * * * * ?	GMT
ClusteredQuartzScheduler	org.springframework.scheduling.quartz.CronTriggerFactoryBean@78379715	DEFAULT	0 0/10 * * * ?	GMT
ClusteredQuartzScheduler	org.springframework.scheduling.quartz.CronTriggerFactoryBean@63fac644	DEFAULT	0 0/10 * * * ?	GMT
ClusteredQuartzScheduler	org.springframework.scheduling.quartz.CronTriggerFactoryBean@71190244	DEFAULT	0 0/10 * * * ?	GMT
ClusteredQuartzScheduler	org.springframework.scheduling.quartz.CronTriggerFactoryBean@44e4247a	DEFAULT	0 0/1 * * * ?	GMT
ClusteredQuartzScheduler	org.springframework.scheduling.quartz.CronTriggerFactoryBean@a841a6	DEFAULT	0 0/1 * * * ?	GMT
ClusteredQuartzScheduler	org.springframework.scheduling.quartz.CronTriggerFactoryBean@293e3161	DEFAULT	0/20 * * * * ?	GMT
ClusteredQuartzScheduler	org.springframework.scheduling.quartz.CronTriggerFactoryBean@19d506c	DEFAULT	0 0/10 * * * ?	GMT
ClusteredQuartzScheduler	org.springframework.scheduling.quartz.CronTriggerFactoryBean@1fdedffb	DEFAULT	0 0/1 * * * ?	GMT
ClusteredQuartzScheduler	org.springframework.scheduling.quartz.CronTriggerFactoryBean@4b684a63	DEFAULT	0 0/1 * * * ?	GMT
ClusteredQuartzScheduler	org.springframework.scheduling.quartz.CronTriggerFactoryBean@2dac0733	DEFAULT	0 0/10 * * * ?	GMT
ClusteredQuartzScheduler	org.springframework.scheduling.quartz.CronTriggerFactoryBean@5b86ab5f	DEFAULT	0 0/10 * * * ?	GMT
ClusteredQuartzScheduler	org.springframework.scheduling.quartz.CronTriggerFactoryBean@3b48e216	DEFAULT	0 0/10 * * * ?	GMT
ClusteredQuartzScheduler	org.springframework.scheduling.quartz.CronTriggerFactoryBean@43551110	DEFAULT	0 0/1 * * * ?	GMT
ClusteredQuartzScheduler	org.springframework.scheduling.quartz.CronTriggerFactoryBean@68c3670	DEFAULT	0/20 * * * * ?	GMT
ClusteredQuartzScheduler	org.springframework.scheduling.quartz.CronTriggerFactoryBean@2b60c832	DEFAULT	0/20 * * * * ?	GMT
ClusteredQuartzScheduler	org.springframework.scheduling.quartz.CronTriggerFactoryBean@1a2f40e6	DEFAULT	0 0/1 * * * ?	GMT
ClusteredQuartzScheduler	org.springframework.scheduling.quartz.CronTriggerFactoryBean@3255707f	DEFAULT	0 0/1 * * * ?	GMT
ClusteredQuartzScheduler	org.springframework.scheduling.quartz.CronTriggerFactoryBean@5facf061	DEFAULT	0/20 * * * * ?	GMT
ClusteredQuartzScheduler	org.springframework.scheduling.quartz.CronTriggerFactoryBean@42839fb7	DEFAULT	0 0/1 * * * ?	GMT
\.


--
-- Data for Name: qrtz_fired_triggers; Type: TABLE DATA; Schema: public; Owner: postgres
--

COPY public.qrtz_fired_triggers (sched_name, entry_id, trigger_name, trigger_group, instance_name, fired_time, sched_time, priority, state, job_name, job_group, is_nonconcurrent, requests_recovery) FROM stdin;
ClusteredQuartzScheduler	30c7831d726a17788364224161778836547132	org.springframework.scheduling.quartz.CronTriggerFactoryBean@293e3161	DEFAULT	30c7831d726a1778836422416	1779006520112	1779006540000	0	ACQUIRED	\N	\N	f	f
\.


--
-- Data for Name: qrtz_job_details; Type: TABLE DATA; Schema: public; Owner: postgres
--

COPY public.qrtz_job_details (sched_name, job_name, job_group, description, job_class_name, is_durable, is_nonconcurrent, is_update_data, requests_recovery, job_data) FROM stdin;
ClusteredQuartzScheduler	PushAIInferenceTasksJob	DEFAULT	Job to push AI inference tasks	com.smarthealthdog.backend.jobs.PushAIInferenceTasks	t	t	f	f	\\xaced0005737200156f72672e71756172747a2e4a6f62446174614d61709fb083e8bfa9b0cb020000787200266f72672e71756172747a2e7574696c732e537472696e674b65794469727479466c61674d61708208e8c3fbc55d280200015a0013616c6c6f77735472616e7369656e74446174617872001d6f72672e71756172747a2e7574696c732e4469727479466c61674d617013e62ead28760ace0200025a000564697274794c00036d617074000f4c6a6176612f7574696c2f4d61703b787000737200116a6176612e7574696c2e486173684d61700507dac1c31660d103000246000a6c6f6164466163746f724900097468726573686f6c6478703f40000000000010770800000010000000007800
ClusteredQuartzScheduler	RemoveServiceErrorTasksJob	DEFAULT	Job to remove service error tasks	com.smarthealthdog.backend.jobs.RemoveServiceFailureAIInferenceTasks	t	t	f	f	\\xaced0005737200156f72672e71756172747a2e4a6f62446174614d61709fb083e8bfa9b0cb020000787200266f72672e71756172747a2e7574696c732e537472696e674b65794469727479466c61674d61708208e8c3fbc55d280200015a0013616c6c6f77735472616e7369656e74446174617872001d6f72672e71756172747a2e7574696c732e4469727479466c61674d617013e62ead28760ace0200025a000564697274794c00036d617074000f4c6a6176612f7574696c2f4d61703b787000737200116a6176612e7574696c2e486173684d61700507dac1c31660d103000246000a6c6f6164466163746f724900097468726573686f6c6478703f40000000000010770800000010000000007800
ClusteredQuartzScheduler	RetryAIInferenceTasksJob	DEFAULT	Job to retry AI inference tasks	com.smarthealthdog.backend.jobs.RetryAIInferenceTasks	t	t	f	f	\\xaced0005737200156f72672e71756172747a2e4a6f62446174614d61709fb083e8bfa9b0cb020000787200266f72672e71756172747a2e7574696c732e537472696e674b65794469727479466c61674d61708208e8c3fbc55d280200015a0013616c6c6f77735472616e7369656e74446174617872001d6f72672e71756172747a2e7574696c732e4469727479466c61674d617013e62ead28760ace0200025a000564697274794c00036d617074000f4c6a6176612f7574696c2f4d61703b787000737200116a6176612e7574696c2e486173684d61700507dac1c31660d103000246000a6c6f6164466163746f724900097468726573686f6c6478703f40000000000010770800000010000000007800
\.


--
-- Data for Name: qrtz_locks; Type: TABLE DATA; Schema: public; Owner: postgres
--

COPY public.qrtz_locks (sched_name, lock_name) FROM stdin;
ClusteredQuartzScheduler	TRIGGER_ACCESS
ClusteredQuartzScheduler	STATE_ACCESS
\.


--
-- Data for Name: qrtz_paused_trigger_grps; Type: TABLE DATA; Schema: public; Owner: postgres
--

COPY public.qrtz_paused_trigger_grps (sched_name, trigger_group) FROM stdin;
\.


--
-- Data for Name: qrtz_scheduler_state; Type: TABLE DATA; Schema: public; Owner: postgres
--

COPY public.qrtz_scheduler_state (sched_name, instance_name, last_checkin_time, checkin_interval) FROM stdin;
ClusteredQuartzScheduler	30c7831d726a1778836422416	1779006532060	10000
\.


--
-- Data for Name: qrtz_simple_triggers; Type: TABLE DATA; Schema: public; Owner: postgres
--

COPY public.qrtz_simple_triggers (sched_name, trigger_name, trigger_group, repeat_count, repeat_interval, times_triggered) FROM stdin;
\.


--
-- Data for Name: qrtz_simprop_triggers; Type: TABLE DATA; Schema: public; Owner: postgres
--

COPY public.qrtz_simprop_triggers (sched_name, trigger_name, trigger_group, str_prop_1, str_prop_2, str_prop_3, int_prop_1, int_prop_2, long_prop_1, long_prop_2, dec_prop_1, dec_prop_2, bool_prop_1, bool_prop_2) FROM stdin;
\.


--
-- Data for Name: qrtz_triggers; Type: TABLE DATA; Schema: public; Owner: postgres
--

COPY public.qrtz_triggers (sched_name, trigger_name, trigger_group, job_name, job_group, description, next_fire_time, prev_fire_time, priority, trigger_state, trigger_type, start_time, end_time, calendar_name, misfire_instr, job_data) FROM stdin;
ClusteredQuartzScheduler	org.springframework.scheduling.quartz.CronTriggerFactoryBean@68c3670	DEFAULT	PushAIInferenceTasksJob	DEFAULT	\N	1779006540000	1779006520000	0	WAITING	CRON	1778580357000	0	\N	0	\\x
ClusteredQuartzScheduler	org.springframework.scheduling.quartz.CronTriggerFactoryBean@293e3161	DEFAULT	PushAIInferenceTasksJob	DEFAULT	\N	1779006540000	1779006520000	0	ACQUIRED	CRON	1778579857000	0	\N	0	\\x
ClusteredQuartzScheduler	org.springframework.scheduling.quartz.CronTriggerFactoryBean@63fac644	DEFAULT	RemoveServiceErrorTasksJob	DEFAULT	\N	1779006600000	1779006000000	0	WAITING	CRON	1778612979000	0	\N	0	\\x
ClusteredQuartzScheduler	org.springframework.scheduling.quartz.CronTriggerFactoryBean@67b3fd0e	DEFAULT	PushAIInferenceTasksJob	DEFAULT	\N	1779006540000	1779006520000	0	WAITING	CRON	1778580410000	0	\N	0	\\x
ClusteredQuartzScheduler	org.springframework.scheduling.quartz.CronTriggerFactoryBean@19d506c	DEFAULT	RemoveServiceErrorTasksJob	DEFAULT	\N	1779006600000	1779006000000	0	WAITING	CRON	1778671479000	0	\N	0	\\x
ClusteredQuartzScheduler	org.springframework.scheduling.quartz.CronTriggerFactoryBean@22d989c0	DEFAULT	RemoveServiceErrorTasksJob	DEFAULT	\N	1779006600000	1779006000000	0	WAITING	CRON	1778656306000	0	\N	0	\\x
ClusteredQuartzScheduler	org.springframework.scheduling.quartz.CronTriggerFactoryBean@71190244	DEFAULT	RemoveServiceErrorTasksJob	DEFAULT	\N	1779006600000	1779006000000	0	WAITING	CRON	1778580410000	0	\N	0	\\x
ClusteredQuartzScheduler	org.springframework.scheduling.quartz.CronTriggerFactoryBean@2b60c832	DEFAULT	PushAIInferenceTasksJob	DEFAULT	\N	1779006540000	1779006520000	0	WAITING	CRON	1778569687000	0	\N	0	\\x
ClusteredQuartzScheduler	org.springframework.scheduling.quartz.CronTriggerFactoryBean@1c43b31d	DEFAULT	PushAIInferenceTasksJob	DEFAULT	\N	1779006540000	1779006520000	0	WAITING	CRON	1764072806000	0	\N	0	\\x
ClusteredQuartzScheduler	org.springframework.scheduling.quartz.CronTriggerFactoryBean@43b54374	DEFAULT	PushAIInferenceTasksJob	DEFAULT	\N	1779006540000	1779006520000	0	WAITING	CRON	1778671479000	0	\N	0	\\x
ClusteredQuartzScheduler	org.springframework.scheduling.quartz.CronTriggerFactoryBean@43551110	DEFAULT	RetryAIInferenceTasksJob	DEFAULT	\N	1779006540000	1779006480000	0	WAITING	CRON	1778656306000	0	\N	0	\\x
ClusteredQuartzScheduler	org.springframework.scheduling.quartz.CronTriggerFactoryBean@1a2f40e6	DEFAULT	RetryAIInferenceTasksJob	DEFAULT	\N	1779006540000	1779006480000	0	WAITING	CRON	1778579857000	0	\N	0	\\x
ClusteredQuartzScheduler	org.springframework.scheduling.quartz.CronTriggerFactoryBean@42839fb7	DEFAULT	RetryAIInferenceTasksJob	DEFAULT	\N	1779006540000	1779006480000	0	WAITING	CRON	1778576535000	0	\N	0	\\x
ClusteredQuartzScheduler	org.springframework.scheduling.quartz.CronTriggerFactoryBean@44e4247a	DEFAULT	RetryAIInferenceTasksJob	DEFAULT	\N	1779006540000	1779006480000	0	WAITING	CRON	1778612979000	0	\N	0	\\x
ClusteredQuartzScheduler	org.springframework.scheduling.quartz.CronTriggerFactoryBean@a841a6	DEFAULT	RetryAIInferenceTasksJob	DEFAULT	\N	1779006540000	1779006480000	0	WAITING	CRON	1778671479000	0	\N	0	\\x
ClusteredQuartzScheduler	org.springframework.scheduling.quartz.CronTriggerFactoryBean@1fdedffb	DEFAULT	RetryAIInferenceTasksJob	DEFAULT	\N	1779006540000	1779006480000	0	WAITING	CRON	1778569687000	0	\N	0	\\x
ClusteredQuartzScheduler	org.springframework.scheduling.quartz.CronTriggerFactoryBean@4b684a63	DEFAULT	RetryAIInferenceTasksJob	DEFAULT	\N	1779006540000	1779006480000	0	WAITING	CRON	1764072806000	0	\N	0	\\x
ClusteredQuartzScheduler	org.springframework.scheduling.quartz.CronTriggerFactoryBean@2dac0733	DEFAULT	RemoveServiceErrorTasksJob	DEFAULT	\N	1779006600000	1779006000000	0	WAITING	CRON	1778579857000	0	\N	0	\\x
ClusteredQuartzScheduler	org.springframework.scheduling.quartz.CronTriggerFactoryBean@5b86ab5f	DEFAULT	RemoveServiceErrorTasksJob	DEFAULT	\N	1779006600000	1779006000000	0	WAITING	CRON	1765946884000	0	\N	0	\\x
ClusteredQuartzScheduler	org.springframework.scheduling.quartz.CronTriggerFactoryBean@3b48e216	DEFAULT	RemoveServiceErrorTasksJob	DEFAULT	\N	1779006600000	1779006000000	0	WAITING	CRON	1778569687000	0	\N	0	\\x
ClusteredQuartzScheduler	org.springframework.scheduling.quartz.CronTriggerFactoryBean@5facf061	DEFAULT	PushAIInferenceTasksJob	DEFAULT	\N	1779006540000	1779006520000	0	WAITING	CRON	1765947480000	0	\N	0	\\x
ClusteredQuartzScheduler	org.springframework.scheduling.quartz.CronTriggerFactoryBean@79871eeb	DEFAULT	PushAIInferenceTasksJob	DEFAULT	\N	1779006540000	1779006520000	0	WAITING	CRON	1765946884000	0	\N	0	\\x
ClusteredQuartzScheduler	org.springframework.scheduling.quartz.CronTriggerFactoryBean@68fab818	DEFAULT	RetryAIInferenceTasksJob	DEFAULT	\N	1779006540000	1779006480000	0	WAITING	CRON	1765947480000	0	\N	0	\\x
ClusteredQuartzScheduler	org.springframework.scheduling.quartz.CronTriggerFactoryBean@6c837cd	DEFAULT	RetryAIInferenceTasksJob	DEFAULT	\N	1779006540000	1779006480000	0	WAITING	CRON	1765946884000	0	\N	0	\\x
ClusteredQuartzScheduler	org.springframework.scheduling.quartz.CronTriggerFactoryBean@57909e37	DEFAULT	RemoveServiceErrorTasksJob	DEFAULT	\N	1779006600000	1779006000000	0	WAITING	CRON	1765947480000	0	\N	0	\\x
ClusteredQuartzScheduler	org.springframework.scheduling.quartz.CronTriggerFactoryBean@426bbfb4	DEFAULT	RemoveServiceErrorTasksJob	DEFAULT	\N	1779006600000	1779006000000	0	WAITING	CRON	1764072806000	0	\N	0	\\x
ClusteredQuartzScheduler	org.springframework.scheduling.quartz.CronTriggerFactoryBean@2f94339e	DEFAULT	PushAIInferenceTasksJob	DEFAULT	\N	1779006540000	1779006520000	0	WAITING	CRON	1778656306000	0	\N	0	\\x
ClusteredQuartzScheduler	org.springframework.scheduling.quartz.CronTriggerFactoryBean@292a73f2	DEFAULT	PushAIInferenceTasksJob	DEFAULT	\N	1779006540000	1779006520000	0	WAITING	CRON	1778612979000	0	\N	0	\\x
ClusteredQuartzScheduler	org.springframework.scheduling.quartz.CronTriggerFactoryBean@3255707f	DEFAULT	RetryAIInferenceTasksJob	DEFAULT	\N	1779006540000	1779006480000	0	WAITING	CRON	1778580410000	0	\N	0	\\x
ClusteredQuartzScheduler	org.springframework.scheduling.quartz.CronTriggerFactoryBean@78379715	DEFAULT	RemoveServiceErrorTasksJob	DEFAULT	\N	1779006600000	1779006000000	0	WAITING	CRON	1778576535000	0	\N	0	\\x
ClusteredQuartzScheduler	org.springframework.scheduling.quartz.CronTriggerFactoryBean@6256d908	DEFAULT	PushAIInferenceTasksJob	DEFAULT	\N	1779006540000	1779006520000	0	WAITING	CRON	1778576535000	0	\N	0	\\x
\.


--
-- Data for Name: refresh_tokens; Type: TABLE DATA; Schema: public; Owner: postgres
--

COPY public.refresh_tokens (expires_at, user_id, id) FROM stdin;
2025-12-25 02:20:41.145343+00	4	019b2f42-6d39-7611-9665-4f62e1ec55b1
2025-12-25 02:24:25.763737+00	4	019b2f45-daa3-7dee-8ae2-109c5a449dec
2025-12-25 03:06:13.892148+00	4	019b2f6c-2004-72c6-a9dd-9014fa7093b1
2025-12-25 03:07:33.43428+00	4	019b2f6d-56ba-74d2-8fe4-71ee0fc67fba
2025-12-25 03:08:20.867326+00	4	019b2f6e-1003-756d-96f5-14518d9694b8
2026-05-20 04:59:30.277501+00	1	019e1fb4-4c65-7886-ace9-cbfe96c6cc1c
2026-05-20 05:06:05.375564+00	1	019e1fba-53bf-7988-8b5b-82d8838786d6
2025-12-25 03:55:18.694795+00	5	019b2f99-0f26-7d85-a2ee-7f2db7002559
2026-05-20 05:07:52.981191+00	1	019e1fbb-f815-7380-b9ad-5ef7141aadd7
2026-05-20 05:17:53.424875+00	1	019e1fc5-2190-7e7f-a9ea-297b8fb339ac
2026-05-22 09:16:39.534604+00	9	019e2aec-72ee-7b5e-bf7b-77515c536938
2026-05-22 09:16:57.401979+00	9	019e2aec-b8ba-701f-b7ab-89b20cd83d93
2025-12-24 04:48:29.991166+00	4	019b2aa3-6527-744c-bda2-600a0c58c866
2025-12-24 04:48:33.320785+00	4	019b2aa3-7228-7cde-8221-8708a3a83478
2026-05-23 05:07:41.687261+00	6	019e2f2e-dff7-74d7-aa80-b07524b06e87
2026-05-23 05:46:34.029087+00	6	019e2f52-76ad-722e-9205-870e34c8a11c
2026-05-23 05:48:47.166087+00	6	019e2f54-7ebe-71dc-9308-7abee782dae7
2026-05-23 17:55:44.000792+00	6	019e31ee-0900-7d49-8529-943802a155b4
2026-05-23 18:02:16.860269+00	6	019e31f4-079c-75b3-89bd-354406196fab
2026-05-23 18:09:07.090578+00	6	019e31fa-4a12-7a11-b6d7-53b49b2bdc84
2026-05-23 18:41:45.729032+00	6	019e3218-2d01-712a-93fd-60e25e238b63
2026-05-23 20:04:02.854834+00	6	019e3263-82a6-7eba-b774-2f1764b69090
2026-05-23 21:05:19.851074+00	6	019e329b-9deb-71de-940a-b724c734cc62
2026-05-23 21:28:03.543308+00	6	019e32b0-6cd7-7596-b9a9-052856a13e38
\.


--
-- Data for Name: role_permissions; Type: TABLE DATA; Schema: public; Owner: postgres
--

COPY public.role_permissions (permission_id, role_id) FROM stdin;
36	1
37	1
38	1
39	1
3	2
27	2
28	2
29	2
30	2
31	2
32	2
33	2
3	3
4	3
5	3
7	3
8	3
9	3
10	3
11	3
12	3
13	3
14	3
15	3
16	3
17	3
18	3
19	3
20	3
21	3
22	3
23	3
24	3
25	3
26	3
3	5
5	5
34	1
35	1
40	1
27	3
30	3
31	3
41	8
4	9
5	9
7	9
8	9
9	9
10	9
11	9
12	9
13	9
14	9
15	9
16	9
17	9
18	9
19	9
20	9
21	9
22	9
23	9
24	9
25	9
26	9
\.


--
-- Data for Name: roles; Type: TABLE DATA; Schema: public; Owner: postgres
--

COPY public.roles (id, description, name) FROM stdin;
1	시스템 관리자	ADMIN
2	보호소 계정	SHELTER
3	일반 사용자	USER
5	비활성화된 사용자	DEACTIVATED_USER
6	삭제된 사용자	DELETED_USER
7	차단된 사용자	BANNED_USER
8	AI 모델 서비스 계정	AI_MODEL_SERVICE
9	소셜 로그인 사용자	SOCIAL_ACCOUNT_USER
\.


--
-- Data for Name: shelters; Type: TABLE DATA; Schema: public; Owner: postgres
--

COPY public.shelters (latitude, longitude, id, phone_number, address, introduction, name) FROM stdin;
37.00860000	127.27050000	1	02-6010-6510	경기도 안성시 미양면 개정리	유기동물 보호 및 입양 지원 보호소	안성평강공주보호소
\.


--
-- Data for Name: social_login_provider; Type: TABLE DATA; Schema: public; Owner: postgres
--

COPY public.social_login_provider (id, name) FROM stdin;
1	KAKAO
\.


--
-- Data for Name: social_login_user; Type: TABLE DATA; Schema: public; Owner: postgres
--

COPY public.social_login_user (id, user_id, provider_id, provider_user_id, extra_data, created_at, updated_at) FROM stdin;
\.


--
-- Data for Name: submissions; Type: TABLE DATA; Schema: public; Owner: postgres
--

COPY public.submissions (id, pet_id, photo_url, submitted_at, completed_at, status, failure_reason, type, retry_count, celery_task_string) FROM stdin;
019b2f6e-e8ba-7513-9599-ada63fcf87f5	3	diagnoses/55a2a821-e30b-4526-b135-2f1c3ecae971.jpg	2025-12-18 03:09:16.346309	2025-12-18 03:09:22.340531	COMPLETED	\N	EYE	0	{"body":"W1siaHR0cHM6Ly9kZXYucHVwcHlkb2Mub3ZoL3VwbG9hZHMvZGlhZ25vc2VzLzU1YTJhODIxLWUzMGItNDUyNi1iMTM1LTJmMWMzZWNhZTk3MS5qcGciLCIwMTliMmY2ZS1lOGJhLTc1MTMtOTU5OS1hZGE2M2ZjZjg3ZjUiXSx7fSx7ImNoYWluIjpudWxsLCJjaG9yZCI6bnVsbCwiY2FsbGJhY2tzIjpudWxsLCJlcnJiYWNrcyI6bnVsbH1d","headers":{"lang":"py","task":"smart_health_dog_disease_detection.predict_cat_disease","id":"1fde5d4c-d64b-4fef-a614-e72b29fc10a5","retries":0,"root_id":"1fde5d4c-d64b-4fef-a614-e72b29fc10a5","argsrepr":"('https://dev.puppydoc.ovh/uploads/diagnoses/55a2a821-e30b-4526-b135-2f1c3ecae971.jpg','019b2f6e-e8ba-7513-9599-ada63fcf87f5')","kwargsrepr":"{}","ignore_result":false,"timelimit":[null,null],"parent_id":null},"properties":{"priority":0,"correlation_id":"1fde5d4c-d64b-4fef-a614-e72b29fc10a5","delivery_mode":2,"delivery_tag":"smart_health_dog_disease_detection.predict_cat_disease","body_encoding":"base64","delivery_info":{"exchange":"","routing_key":"celery"}},"content-encoding":"utf-8","content-type":"application/json"}
019b2f6e-2c26-7e67-bc89-3abdae5b2d52	3	diagnoses/eca514be-8c03-49ff-bf62-429f18d4ba0e.jpg	2025-12-18 03:08:28.070668	2025-12-18 03:08:43.968005	COMPLETED	\N	EYE	0	{"body":"W1siaHR0cHM6Ly9kZXYucHVwcHlkb2Mub3ZoL3VwbG9hZHMvZGlhZ25vc2VzL2VjYTUxNGJlLThjMDMtNDlmZi1iZjYyLTQyOWYxOGQ0YmEwZS5qcGciLCIwMTliMmY2ZS0yYzI2LTdlNjctYmM4OS0zYWJkYWU1YjJkNTIiXSx7fSx7ImNoYWluIjpudWxsLCJjaG9yZCI6bnVsbCwiY2FsbGJhY2tzIjpudWxsLCJlcnJiYWNrcyI6bnVsbH1d","headers":{"lang":"py","task":"smart_health_dog_disease_detection.predict_cat_disease","id":"5299fbf7-ef7b-47e5-a48a-246aa969c0fd","retries":0,"root_id":"5299fbf7-ef7b-47e5-a48a-246aa969c0fd","argsrepr":"('https://dev.puppydoc.ovh/uploads/diagnoses/eca514be-8c03-49ff-bf62-429f18d4ba0e.jpg','019b2f6e-2c26-7e67-bc89-3abdae5b2d52')","kwargsrepr":"{}","ignore_result":false,"timelimit":[null,null],"parent_id":null},"properties":{"priority":0,"correlation_id":"5299fbf7-ef7b-47e5-a48a-246aa969c0fd","delivery_mode":2,"delivery_tag":"smart_health_dog_disease_detection.predict_cat_disease","body_encoding":"base64","delivery_info":{"exchange":"","routing_key":"celery"}},"content-encoding":"utf-8","content-type":"application/json"}
019e26a9-9fec-7a21-9609-24cccba9c920	4	diagnoses/e4719ec9-c0f3-4d84-b742-c41d81c831d8.jpg	2026-05-14 13:25:11.276623	\N	DELETED	TIMEOUT	EYE	3	{"body":"W1siaHR0cHM6Ly9kZXYucHVwcHlkb2Mub3ZoL3VwbG9hZHMvZGlhZ25vc2VzL2U0NzE5ZWM5LWMwZjMtNGQ4NC1iNzQyLWM0MWQ4MWM4MzFkOC5qcGciLCIwMTllMjZhOS05ZmVjLTdhMjEtOTYwOS0yNGNjY2JhOWM5MjAiXSx7fSx7ImNoYWluIjpudWxsLCJjaG9yZCI6bnVsbCwiY2FsbGJhY2tzIjpudWxsLCJlcnJiYWNrcyI6bnVsbH1d","headers":{"lang":"py","task":"smart_health_dog_disease_detection.predict_dog_disease","id":"8daa6dce-b9ef-4041-9857-c28b9f46447a","retries":0,"root_id":"8daa6dce-b9ef-4041-9857-c28b9f46447a","argsrepr":"('https://dev.puppydoc.ovh/uploads/diagnoses/e4719ec9-c0f3-4d84-b742-c41d81c831d8.jpg','019e26a9-9fec-7a21-9609-24cccba9c920')","kwargsrepr":"{}","ignore_result":false,"timelimit":[null,null],"parent_id":null},"properties":{"priority":0,"correlation_id":"8daa6dce-b9ef-4041-9857-c28b9f46447a","delivery_mode":2,"delivery_tag":"smart_health_dog_disease_detection.predict_dog_disease","body_encoding":"base64","delivery_info":{"exchange":"","routing_key":"celery"}},"content-encoding":"utf-8","content-type":"application/json"}
019e26a8-cdf5-7b18-8deb-81fb61ca32c2	4	diagnoses/ad04f936-8578-4e2f-a673-95b458816b2d.jpg	2026-05-14 13:24:17.525519	\N	DELETED	TIMEOUT	EYE	3	{"body":"W1siaHR0cHM6Ly9kZXYucHVwcHlkb2Mub3ZoL3VwbG9hZHMvZGlhZ25vc2VzL2FkMDRmOTM2LTg1NzgtNGUyZi1hNjczLTk1YjQ1ODgxNmIyZC5qcGciLCIwMTllMjZhOC1jZGY1LTdiMTgtOGRlYi04MWZiNjFjYTMyYzIiXSx7fSx7ImNoYWluIjpudWxsLCJjaG9yZCI6bnVsbCwiY2FsbGJhY2tzIjpudWxsLCJlcnJiYWNrcyI6bnVsbH1d","headers":{"lang":"py","task":"smart_health_dog_disease_detection.predict_dog_disease","id":"73fac475-6e17-405d-9e75-bd0a7ac5ed35","retries":0,"root_id":"73fac475-6e17-405d-9e75-bd0a7ac5ed35","argsrepr":"('https://dev.puppydoc.ovh/uploads/diagnoses/ad04f936-8578-4e2f-a673-95b458816b2d.jpg','019e26a8-cdf5-7b18-8deb-81fb61ca32c2')","kwargsrepr":"{}","ignore_result":false,"timelimit":[null,null],"parent_id":null},"properties":{"priority":0,"correlation_id":"73fac475-6e17-405d-9e75-bd0a7ac5ed35","delivery_mode":2,"delivery_tag":"smart_health_dog_disease_detection.predict_dog_disease","body_encoding":"base64","delivery_info":{"exchange":"","routing_key":"celery"}},"content-encoding":"utf-8","content-type":"application/json"}
019e26aa-0987-745b-b5d5-2330784dbef1	5	diagnoses/f636b5ff-615d-4b87-aafb-cace06cba72a.jpg	2026-05-14 13:25:38.311267	\N	DELETED	TIMEOUT	EYE	3	{"body":"W1siaHR0cHM6Ly9kZXYucHVwcHlkb2Mub3ZoL3VwbG9hZHMvZGlhZ25vc2VzL2Y2MzZiNWZmLTYxNWQtNGI4Ny1hYWZiLWNhY2UwNmNiYTcyYS5qcGciLCIwMTllMjZhYS0wOTg3LTc0NWItYjVkNS0yMzMwNzg0ZGJlZjEiXSx7fSx7ImNoYWluIjpudWxsLCJjaG9yZCI6bnVsbCwiY2FsbGJhY2tzIjpudWxsLCJlcnJiYWNrcyI6bnVsbH1d","headers":{"lang":"py","task":"smart_health_dog_disease_detection.predict_dog_disease","id":"9570ec60-f1cb-42c5-94cd-8dffe4acc057","retries":0,"root_id":"9570ec60-f1cb-42c5-94cd-8dffe4acc057","argsrepr":"('https://dev.puppydoc.ovh/uploads/diagnoses/f636b5ff-615d-4b87-aafb-cace06cba72a.jpg','019e26aa-0987-745b-b5d5-2330784dbef1')","kwargsrepr":"{}","ignore_result":false,"timelimit":[null,null],"parent_id":null},"properties":{"priority":0,"correlation_id":"9570ec60-f1cb-42c5-94cd-8dffe4acc057","delivery_mode":2,"delivery_tag":"smart_health_dog_disease_detection.predict_dog_disease","body_encoding":"base64","delivery_info":{"exchange":"","routing_key":"celery"}},"content-encoding":"utf-8","content-type":"application/json"}
019e26bb-66ed-7771-8159-f63ce3b1324a	4	diagnoses/be3cc770-75b8-4236-ba21-884c3244018b.jpg	2026-05-14 13:44:36.33346	\N	DELETED	TIMEOUT	EYE	3	{"body":"W1siaHR0cHM6Ly9kZXYucHVwcHlkb2Mub3ZoL3VwbG9hZHMvZGlhZ25vc2VzL2JlM2NjNzcwLTc1YjgtNDIzNi1iYTIxLTg4NGMzMjQ0MDE4Yi5qcGciLCIwMTllMjZiYi02NmVkLTc3NzEtODE1OS1mNjNjZTNiMTMyNGEiXSx7fSx7ImNoYWluIjpudWxsLCJjaG9yZCI6bnVsbCwiY2FsbGJhY2tzIjpudWxsLCJlcnJiYWNrcyI6bnVsbH1d","headers":{"lang":"py","task":"smart_health_dog_disease_detection.predict_dog_disease","id":"bd25da9a-7a84-4ff1-94ee-85830959d004","retries":0,"root_id":"bd25da9a-7a84-4ff1-94ee-85830959d004","argsrepr":"('https://dev.puppydoc.ovh/uploads/diagnoses/be3cc770-75b8-4236-ba21-884c3244018b.jpg','019e26bb-66ed-7771-8159-f63ce3b1324a')","kwargsrepr":"{}","ignore_result":false,"timelimit":[null,null],"parent_id":null},"properties":{"priority":0,"correlation_id":"bd25da9a-7a84-4ff1-94ee-85830959d004","delivery_mode":2,"delivery_tag":"smart_health_dog_disease_detection.predict_dog_disease","body_encoding":"base64","delivery_info":{"exchange":"","routing_key":"celery"}},"content-encoding":"utf-8","content-type":"application/json"}
019e26b5-57ff-7e34-9ac9-79a1fc25d4e8	4	diagnoses/89f77d13-eb39-443c-ac6a-d5ec807d74ab.jpg	2026-05-14 13:37:59.295882	\N	DELETED	TIMEOUT	EYE	3	{"body":"W1siaHR0cHM6Ly9kZXYucHVwcHlkb2Mub3ZoL3VwbG9hZHMvZGlhZ25vc2VzLzg5Zjc3ZDEzLWViMzktNDQzYy1hYzZhLWQ1ZWM4MDdkNzRhYi5qcGciLCIwMTllMjZiNS01N2ZmLTdlMzQtOWFjOS03OWExZmMyNWQ0ZTgiXSx7fSx7ImNoYWluIjpudWxsLCJjaG9yZCI6bnVsbCwiY2FsbGJhY2tzIjpudWxsLCJlcnJiYWNrcyI6bnVsbH1d","headers":{"lang":"py","task":"smart_health_dog_disease_detection.predict_dog_disease","id":"880babf0-3b82-4e20-8ce1-2352d814e06c","retries":0,"root_id":"880babf0-3b82-4e20-8ce1-2352d814e06c","argsrepr":"('https://dev.puppydoc.ovh/uploads/diagnoses/89f77d13-eb39-443c-ac6a-d5ec807d74ab.jpg','019e26b5-57ff-7e34-9ac9-79a1fc25d4e8')","kwargsrepr":"{}","ignore_result":false,"timelimit":[null,null],"parent_id":null},"properties":{"priority":0,"correlation_id":"880babf0-3b82-4e20-8ce1-2352d814e06c","delivery_mode":2,"delivery_tag":"smart_health_dog_disease_detection.predict_dog_disease","body_encoding":"base64","delivery_info":{"exchange":"","routing_key":"celery"}},"content-encoding":"utf-8","content-type":"application/json"}
019e2790-a989-78eb-88fd-199bfa0739bd	4	diagnoses/cf3c457e-6c52-4c81-93d0-aa4a29c16831.jpg	2026-05-14 17:37:32.553545	\N	DELETED	TIMEOUT	EYE	3	{"body":"W1siaHR0cHM6Ly9kZXYucHVwcHlkb2Mub3ZoL3VwbG9hZHMvZGlhZ25vc2VzL2NmM2M0NTdlLTZjNTItNGM4MS05M2QwLWFhNGEyOWMxNjgzMS5qcGciLCIwMTllMjc5MC1hOTg5LTc4ZWItODhmZC0xOTliZmEwNzM5YmQiXSx7fSx7ImNoYWluIjpudWxsLCJjaG9yZCI6bnVsbCwiY2FsbGJhY2tzIjpudWxsLCJlcnJiYWNrcyI6bnVsbH1d","headers":{"lang":"py","task":"smart_health_dog_disease_detection.predict_dog_disease","id":"34d83dc5-0e0c-40c8-90ac-af3d0dab641c","retries":0,"root_id":"34d83dc5-0e0c-40c8-90ac-af3d0dab641c","argsrepr":"('https://dev.puppydoc.ovh/uploads/diagnoses/cf3c457e-6c52-4c81-93d0-aa4a29c16831.jpg','019e2790-a989-78eb-88fd-199bfa0739bd')","kwargsrepr":"{}","ignore_result":false,"timelimit":[null,null],"parent_id":null},"properties":{"priority":0,"correlation_id":"34d83dc5-0e0c-40c8-90ac-af3d0dab641c","delivery_mode":2,"delivery_tag":"smart_health_dog_disease_detection.predict_dog_disease","body_encoding":"base64","delivery_info":{"exchange":"","routing_key":"celery"}},"content-encoding":"utf-8","content-type":"application/json"}
019e2793-6fa6-7e0b-a543-8a9d045d653b	4	diagnoses/8630ffd0-35d5-450b-ae70-201640d324b0.jpg	2026-05-14 17:40:34.342874	\N	DELETED	TIMEOUT	EYE	3	{"body":"W1siaHR0cHM6Ly9kZXYucHVwcHlkb2Mub3ZoL3VwbG9hZHMvZGlhZ25vc2VzLzg2MzBmZmQwLTM1ZDUtNDUwYi1hZTcwLTIwMTY0MGQzMjRiMC5qcGciLCIwMTllMjc5My02ZmE2LTdlMGItYTU0My04YTlkMDQ1ZDY1M2IiXSx7fSx7ImNoYWluIjpudWxsLCJjaG9yZCI6bnVsbCwiY2FsbGJhY2tzIjpudWxsLCJlcnJiYWNrcyI6bnVsbH1d","headers":{"lang":"py","task":"smart_health_dog_disease_detection.predict_dog_disease","id":"d00f3bec-a45a-4af8-b444-dea3003d849b","retries":0,"root_id":"d00f3bec-a45a-4af8-b444-dea3003d849b","argsrepr":"('https://dev.puppydoc.ovh/uploads/diagnoses/8630ffd0-35d5-450b-ae70-201640d324b0.jpg','019e2793-6fa6-7e0b-a543-8a9d045d653b')","kwargsrepr":"{}","ignore_result":false,"timelimit":[null,null],"parent_id":null},"properties":{"priority":0,"correlation_id":"d00f3bec-a45a-4af8-b444-dea3003d849b","delivery_mode":2,"delivery_tag":"smart_health_dog_disease_detection.predict_dog_disease","body_encoding":"base64","delivery_info":{"exchange":"","routing_key":"celery"}},"content-encoding":"utf-8","content-type":"application/json"}
019e2791-1ead-7165-bfa5-7ff523e40128	4	diagnoses/ef8b28d5-9958-40e5-bedc-c0bb5f71e5c7.png	2026-05-14 17:38:02.541084	\N	DELETED	TIMEOUT	EYE	3	{"body":"W1siaHR0cHM6Ly9kZXYucHVwcHlkb2Mub3ZoL3VwbG9hZHMvZGlhZ25vc2VzL2VmOGIyOGQ1LTk5NTgtNDBlNS1iZWRjLWMwYmI1ZjcxZTVjNy5wbmciLCIwMTllMjc5MS0xZWFkLTcxNjUtYmZhNS03ZmY1MjNlNDAxMjgiXSx7fSx7ImNoYWluIjpudWxsLCJjaG9yZCI6bnVsbCwiY2FsbGJhY2tzIjpudWxsLCJlcnJiYWNrcyI6bnVsbH1d","headers":{"lang":"py","task":"smart_health_dog_disease_detection.predict_dog_disease","id":"3cbcccc1-aa3b-45cd-8fa3-27fe1c4ae122","retries":0,"root_id":"3cbcccc1-aa3b-45cd-8fa3-27fe1c4ae122","argsrepr":"('https://dev.puppydoc.ovh/uploads/diagnoses/ef8b28d5-9958-40e5-bedc-c0bb5f71e5c7.png','019e2791-1ead-7165-bfa5-7ff523e40128')","kwargsrepr":"{}","ignore_result":false,"timelimit":[null,null],"parent_id":null},"properties":{"priority":0,"correlation_id":"3cbcccc1-aa3b-45cd-8fa3-27fe1c4ae122","delivery_mode":2,"delivery_tag":"smart_health_dog_disease_detection.predict_dog_disease","body_encoding":"base64","delivery_info":{"exchange":"","routing_key":"celery"}},"content-encoding":"utf-8","content-type":"application/json"}
019e2794-c8f1-791b-8f59-fa6787050307	4	diagnoses/d75f52a6-f002-4ac2-8e6a-db733374dc49.jpg	2026-05-14 17:42:02.73756	\N	DELETED	TIMEOUT	EYE	3	{"body":"W1siaHR0cHM6Ly9kZXYucHVwcHlkb2Mub3ZoL3VwbG9hZHMvZGlhZ25vc2VzL2Q3NWY1MmE2LWYwMDItNGFjMi04ZTZhLWRiNzMzMzc0ZGM0OS5qcGciLCIwMTllMjc5NC1jOGYxLTc5MWItOGY1OS1mYTY3ODcwNTAzMDciXSx7fSx7ImNoYWluIjpudWxsLCJjaG9yZCI6bnVsbCwiY2FsbGJhY2tzIjpudWxsLCJlcnJiYWNrcyI6bnVsbH1d","headers":{"lang":"py","task":"smart_health_dog_disease_detection.predict_dog_disease","id":"055411b2-d769-4781-8c22-b6a3f17f1c81","retries":0,"root_id":"055411b2-d769-4781-8c22-b6a3f17f1c81","argsrepr":"('https://dev.puppydoc.ovh/uploads/diagnoses/d75f52a6-f002-4ac2-8e6a-db733374dc49.jpg','019e2794-c8f1-791b-8f59-fa6787050307')","kwargsrepr":"{}","ignore_result":false,"timelimit":[null,null],"parent_id":null},"properties":{"priority":0,"correlation_id":"055411b2-d769-4781-8c22-b6a3f17f1c81","delivery_mode":2,"delivery_tag":"smart_health_dog_disease_detection.predict_dog_disease","body_encoding":"base64","delivery_info":{"exchange":"","routing_key":"celery"}},"content-encoding":"utf-8","content-type":"application/json"}
019e2810-bbd7-73f0-8d1a-0bcc7eb5147e	5	diagnoses/fa904453-9252-4e52-987c-5dcaf27c3dfa.jpg	2026-05-14 19:57:25.847235	\N	DELETED	TIMEOUT	EYE	3	{"body":"W1siaHR0cHM6Ly9kZXYucHVwcHlkb2Mub3ZoL3VwbG9hZHMvZGlhZ25vc2VzL2ZhOTA0NDUzLTkyNTItNGU1Mi05ODdjLTVkY2FmMjdjM2RmYS5qcGciLCIwMTllMjgxMC1iYmQ3LTczZjAtOGQxYS0wYmNjN2ViNTE0N2UiXSx7fSx7ImNoYWluIjpudWxsLCJjaG9yZCI6bnVsbCwiY2FsbGJhY2tzIjpudWxsLCJlcnJiYWNrcyI6bnVsbH1d","headers":{"lang":"py","task":"smart_health_dog_disease_detection.predict_dog_disease","id":"73702f1d-7115-44bb-ad70-eb30641d9e5c","retries":0,"root_id":"73702f1d-7115-44bb-ad70-eb30641d9e5c","argsrepr":"('https://dev.puppydoc.ovh/uploads/diagnoses/fa904453-9252-4e52-987c-5dcaf27c3dfa.jpg','019e2810-bbd7-73f0-8d1a-0bcc7eb5147e')","kwargsrepr":"{}","ignore_result":false,"timelimit":[null,null],"parent_id":null},"properties":{"priority":0,"correlation_id":"73702f1d-7115-44bb-ad70-eb30641d9e5c","delivery_mode":2,"delivery_tag":"smart_health_dog_disease_detection.predict_dog_disease","body_encoding":"base64","delivery_info":{"exchange":"","routing_key":"celery"}},"content-encoding":"utf-8","content-type":"application/json"}
019e2818-5e3f-734f-9552-16901206375b	7	diagnoses/47c61c12-8dac-4625-bba1-6a9da0b169ac.jpg	2026-05-14 20:05:46.175198	\N	DELETED	TIMEOUT	URINE	3	{"body":"W1siaHR0cHM6Ly9kZXYucHVwcHlkb2Mub3ZoL3VwbG9hZHMvZGlhZ25vc2VzLzQ3YzYxYzEyLThkYWMtNDYyNS1iYmExLTZhOWRhMGIxNjlhYy5qcGciLCIwMTllMjgxOC01ZTNmLTczNGYtOTU1Mi0xNjkwMTIwNjM3NWIiXSx7fSx7ImNoYWluIjpudWxsLCJjaG9yZCI6bnVsbCwiY2FsbGJhY2tzIjpudWxsLCJlcnJiYWNrcyI6bnVsbH1d","headers":{"lang":"py","task":"smart_health_dog_disease_detection.predict_urine_analysis","id":"78b9bdc9-321c-4a86-85a3-9118b0de893a","retries":0,"root_id":"78b9bdc9-321c-4a86-85a3-9118b0de893a","argsrepr":"('https://dev.puppydoc.ovh/uploads/diagnoses/47c61c12-8dac-4625-bba1-6a9da0b169ac.jpg','019e2818-5e3f-734f-9552-16901206375b')","kwargsrepr":"{}","ignore_result":false,"timelimit":[null,null],"parent_id":null},"properties":{"priority":0,"correlation_id":"78b9bdc9-321c-4a86-85a3-9118b0de893a","delivery_mode":2,"delivery_tag":"smart_health_dog_disease_detection.predict_urine_analysis","body_encoding":"base64","delivery_info":{"exchange":"","routing_key":"celery"}},"content-encoding":"utf-8","content-type":"application/json"}
019e2811-c22f-7679-8acb-ddd7adb37cd1	7	diagnoses/a9288e4a-38c4-471f-ac6c-b51d8f0aed71.jpg	2026-05-14 19:58:33.0074	\N	DELETED	TIMEOUT	EYE	3	{"body":"W1siaHR0cHM6Ly9kZXYucHVwcHlkb2Mub3ZoL3VwbG9hZHMvZGlhZ25vc2VzL2E5Mjg4ZTRhLTM4YzQtNDcxZi1hYzZjLWI1MWQ4ZjBhZWQ3MS5qcGciLCIwMTllMjgxMS1jMjJmLTc2NzktOGFjYi1kZGQ3YWRiMzdjZDEiXSx7fSx7ImNoYWluIjpudWxsLCJjaG9yZCI6bnVsbCwiY2FsbGJhY2tzIjpudWxsLCJlcnJiYWNrcyI6bnVsbH1d","headers":{"lang":"py","task":"smart_health_dog_disease_detection.predict_dog_disease","id":"d307f15e-1a6f-4496-92e3-cbaa19ac6b0e","retries":0,"root_id":"d307f15e-1a6f-4496-92e3-cbaa19ac6b0e","argsrepr":"('https://dev.puppydoc.ovh/uploads/diagnoses/a9288e4a-38c4-471f-ac6c-b51d8f0aed71.jpg','019e2811-c22f-7679-8acb-ddd7adb37cd1')","kwargsrepr":"{}","ignore_result":false,"timelimit":[null,null],"parent_id":null},"properties":{"priority":0,"correlation_id":"d307f15e-1a6f-4496-92e3-cbaa19ac6b0e","delivery_mode":2,"delivery_tag":"smart_health_dog_disease_detection.predict_dog_disease","body_encoding":"base64","delivery_info":{"exchange":"","routing_key":"celery"}},"content-encoding":"utf-8","content-type":"application/json"}
019e2811-1af7-7e05-94f0-c3837cca6833	5	diagnoses/fb3e1a4c-c3b6-4afc-9a3c-a3f81bc4efdd.jpg	2026-05-14 19:57:50.199851	\N	DELETED	TIMEOUT	EYE	3	{"body":"W1siaHR0cHM6Ly9kZXYucHVwcHlkb2Mub3ZoL3VwbG9hZHMvZGlhZ25vc2VzL2ZiM2UxYTRjLWMzYjYtNGFmYy05YTNjLWEzZjgxYmM0ZWZkZC5qcGciLCIwMTllMjgxMS0xYWY3LTdlMDUtOTRmMC1jMzgzN2NjYTY4MzMiXSx7fSx7ImNoYWluIjpudWxsLCJjaG9yZCI6bnVsbCwiY2FsbGJhY2tzIjpudWxsLCJlcnJiYWNrcyI6bnVsbH1d","headers":{"lang":"py","task":"smart_health_dog_disease_detection.predict_dog_disease","id":"f942224b-0bd2-4555-a897-f05995a981a1","retries":0,"root_id":"f942224b-0bd2-4555-a897-f05995a981a1","argsrepr":"('https://dev.puppydoc.ovh/uploads/diagnoses/fb3e1a4c-c3b6-4afc-9a3c-a3f81bc4efdd.jpg','019e2811-1af7-7e05-94f0-c3837cca6833')","kwargsrepr":"{}","ignore_result":false,"timelimit":[null,null],"parent_id":null},"properties":{"priority":0,"correlation_id":"f942224b-0bd2-4555-a897-f05995a981a1","delivery_mode":2,"delivery_tag":"smart_health_dog_disease_detection.predict_dog_disease","body_encoding":"base64","delivery_info":{"exchange":"","routing_key":"celery"}},"content-encoding":"utf-8","content-type":"application/json"}
019e281d-c582-7597-b4a2-8c4a6cf0e190	7	diagnoses/838882d5-21f4-4628-a65b-f789c1a0a0b3.jpg	2026-05-14 20:11:40.290324	\N	DELETED	TIMEOUT	URINE	3	{"body":"W1siaHR0cHM6Ly9kZXYucHVwcHlkb2Mub3ZoL3VwbG9hZHMvZGlhZ25vc2VzLzgzODg4MmQ1LTIxZjQtNDYyOC1hNjViLWY3ODljMWEwYTBiMy5qcGciLCIwMTllMjgxZC1jNTgyLTc1OTctYjRhMi04YzRhNmNmMGUxOTAiXSx7fSx7ImNoYWluIjpudWxsLCJjaG9yZCI6bnVsbCwiY2FsbGJhY2tzIjpudWxsLCJlcnJiYWNrcyI6bnVsbH1d","headers":{"lang":"py","task":"smart_health_dog_disease_detection.predict_urine_analysis","id":"37c5679e-5317-43be-a6ed-35ceb69dc147","retries":0,"root_id":"37c5679e-5317-43be-a6ed-35ceb69dc147","argsrepr":"('https://dev.puppydoc.ovh/uploads/diagnoses/838882d5-21f4-4628-a65b-f789c1a0a0b3.jpg','019e281d-c582-7597-b4a2-8c4a6cf0e190')","kwargsrepr":"{}","ignore_result":false,"timelimit":[null,null],"parent_id":null},"properties":{"priority":0,"correlation_id":"37c5679e-5317-43be-a6ed-35ceb69dc147","delivery_mode":2,"delivery_tag":"smart_health_dog_disease_detection.predict_urine_analysis","body_encoding":"base64","delivery_info":{"exchange":"","routing_key":"celery"}},"content-encoding":"utf-8","content-type":"application/json"}
\.


--
-- Data for Name: urine_analytes; Type: TABLE DATA; Schema: public; Owner: postgres
--

COPY public.urine_analytes (id, name, description) FROM stdin;
1	Leukocytes	배뇨 내 백혈구 존재 여부
2	Nitrite	배뇨 내 아질산염 존재 여부
3	Urobilinogen	요로빌리노겐 수치
4	Protein	요단백 농도
5	pH	요의 산도 또는 알칼리도
6	Blood	요 내 혈액 존재 여부
7	Specific Gravity	요 내 용질 농도
8	Ketone	요 내 케톤체 존재 여부
9	Bilirubin	요 내 빌리루빈 수치
10	Glucose	요 내 포도당 농도
\.


--
-- Data for Name: urine_measurements; Type: TABLE DATA; Schema: public; Owner: postgres
--

COPY public.urine_measurements (id, submission_id, analyte_id, value, color_r, color_g, color_b) FROM stdin;
11	019b2f6e-2c26-7e67-bc89-3abdae5b2d52	1	Neg.	168	165	140
12	019b2f6e-2c26-7e67-bc89-3abdae5b2d52	2	Neg.	169	166	161
13	019b2f6e-2c26-7e67-bc89-3abdae5b2d52	10	Neg.	125	155	152
\.


--
-- Data for Name: user_account_actions; Type: TABLE DATA; Schema: public; Owner: postgres
--

COPY public.user_account_actions (action_by_user_id, action_timestamp, id, user_id, action_type, reason) FROM stdin;
\.


--
-- Data for Name: users; Type: TABLE DATA; Schema: public; Owner: postgres
--

COPY public.users (email_verification_fail_count, login_attempt, password_reset_token_verify_fail_count, role_id, created_at, email_verification_expiry, email_verification_requested_at, email_verification_token, id, login_attempt_started_at, password_reset_requested_at, password_reset_token_expiry, updated_at, nickname, email, password, password_reset_token, profile_pic, email_verification_tries, public_id) FROM stdin;
0	0	0	3	2025-12-17 04:43:00.308292+00	\N	\N	\N	4	\N	\N	\N	2025-12-17 04:43:00.308311+00	mike	soowi3733@gmail.com	$2a$12$ygy2.s83t3dH.ohhGW5CM.NjFKMkqxOPNDcObY7j/ww09KwDkf6Lq	\N	\N	0	019b2a9e-5d45-7cd6-a7a7-2e31a737ee6f
0	0	0	3	2025-12-17 05:33:50.151666+00	\N	\N	\N	5	\N	\N	\N	2025-12-17 05:33:50.435674+00	admin1	sumhillj@kau.kr	$2a$12$RIbRs5CD7mCByXySNj4ksesFrgMwq7jk9Tapm6pOfwhVV7RgySdVO	\N	profiles/263c40a0-75d8-4913-9771-36deae67366d.jpg	0	019b2acc-e6bf-784a-a99a-4b8847e04a92
0	0	0	3	2026-05-12 10:16:38.160281+00	\N	\N	\N	7	\N	\N	\N	2026-05-12 10:16:38.160344+00	mailtest	akrwldj123@naver.com	$2a$12$u///bp37nOWntEsirYdEBO7.RZ8IEHPDv1TfUhyuci0Dbp8SSXTle	\N	\N	0	019e1bb0-480b-709c-98c7-ea2f7148d117
0	0	0	8	2025-11-19 01:21:39.989164+00	\N	\N	\N	1	\N	\N	\N	2025-11-19 01:21:39.989164+00	AI_MODEL_SERVICE_ACCOUNT	ai@ai.com	$2b$12$abcdefghijklmnopqrstuu/kUvm2dq0f7AMKRIZ./Eb0UEl2SMIQW	\N	\N	0	019a99b3-f905-73cb-916d-88369d28b3bc
0	0	0	3	2026-05-12 08:12:31.162307+00	\N	\N	\N	6	\N	\N	\N	2026-05-14 20:01:39.216897+00	testuser2	test@test.com	$2b$12$ZoZw7afv/kO.MUwl6al4Z.l7fygJN4U.Dn29kioC6GLd0PR6WAwLe	\N	profiles/9ff3b810-108b-48d0-8758-9ce75e0134e9.jpg	0	019e1b3e-a640-7f66-a25a-05f6401939b7
0	0	0	3	2026-05-15 09:05:59.196633+00	\N	\N	\N	8	\N	\N	\N	2026-05-15 09:05:59.196633+00	테스트유저	test@smarthealthdog.local	$2a$10$9sKKHRZFndcLYw/vJatA9eV58bbJs/D6SlS6DLDZzKRgDDMSmCJxW	\N	\N	0	019e2ae2-ad9d-788b-a2c1-5e174ade590a
0	0	0	3	2026-05-15 09:16:38.241261+00	\N	\N	\N	9	\N	\N	\N	2026-05-15 09:20:04.738718+00	김재영	jyzzang02@kau.kr	$2a$12$wQU9ekdN7tOoRDzluSkj/OAnJQnkUf/4aOUGpgcWh6Mhjv8WhvqMu	\N	profiles/2c4323f1-2551-45d5-bebb-966e5560b83c.jpg	0	019e2aec-6dde-73ef-8898-36db12ebb69b
\.


--
-- Data for Name: walks; Type: TABLE DATA; Schema: public; Owner: postgres
--

COPY public.walks (id, pet_id, start_time, end_time, distance_km, path_coordinates) FROM stdin;
3	4	2026-05-16 20:27:19.25+00	2026-05-16 20:27:43.25+00	0.01	[[37.7563418,126.7674225],[37.756349,126.7674143],[37.7563491,126.7674322],[37.756349,126.767416],[37.7563198,126.7674562]]
4	5	2026-05-16 20:28:32.789+00	2026-05-16 20:28:34.789+00	0.00	[]
5	5	2026-05-16 20:32:33.746+00	2026-05-16 20:32:37.746+00	0.00	[[37.7559666,126.7676596]]
6	5	2026-05-16 20:33:14.277+00	2026-05-16 20:33:20.277+00	0.00	[[37.7562039,126.7675587]]
7	5	2026-05-16 20:34:11.308+00	2026-05-16 20:35:30.308+00	0.10	[[37.7562296,126.7675733],[37.7561683,126.7675801],[37.7562364,126.767579],[37.7563536,126.7674091],[37.7562188,126.7676144],[37.7563542,126.7674135],[37.7563311,126.7674827],[37.7563234,126.7675015],[37.7563087,126.7675278],[37.7562937,126.7675605]]
8	5	2026-05-16 20:36:27.756+00	2026-05-16 20:37:29.756+00	0.09	[[37.7562458,126.7675224],[37.7562086,126.7675397],[37.7559187,126.7675716],[37.7560703,126.767539],[37.7560985,126.7676016],[37.7561205,126.7676075],[37.7561263,126.7676182],[37.7561252,126.7676386],[37.7561071,126.7676447],[37.7561376,126.7675796],[37.7561519,126.7675393],[37.7561637,126.7675052],[37.7561728,126.7675096],[37.7561855,126.767504],[37.7561954,126.7674961]]
\.


--
-- Name: check_methods_id_seq; Type: SEQUENCE SET; Schema: public; Owner: postgres
--

SELECT pg_catalog.setval('public.check_methods_id_seq', 2, true);


--
-- Name: conditions_id_seq; Type: SEQUENCE SET; Schema: public; Owner: postgres
--

SELECT pg_catalog.setval('public.conditions_id_seq', 15, true);


--
-- Name: diagnoses_id_seq; Type: SEQUENCE SET; Schema: public; Owner: postgres
--

SELECT pg_catalog.setval('public.diagnoses_id_seq', 201, true);


--
-- Name: diagnosis_results_id_seq; Type: SEQUENCE SET; Schema: public; Owner: postgres
--

SELECT pg_catalog.setval('public.diagnosis_results_id_seq', 1, false);


--
-- Name: diagnosis_status_id_seq; Type: SEQUENCE SET; Schema: public; Owner: postgres
--

SELECT pg_catalog.setval('public.diagnosis_status_id_seq', 1, false);


--
-- Name: email_verifications_id_seq; Type: SEQUENCE SET; Schema: public; Owner: postgres
--

SELECT pg_catalog.setval('public.email_verifications_id_seq', 6, true);


--
-- Name: languages_id_seq; Type: SEQUENCE SET; Schema: public; Owner: postgres
--

SELECT pg_catalog.setval('public.languages_id_seq', 2, true);


--
-- Name: notification_template_type_id_seq; Type: SEQUENCE SET; Schema: public; Owner: postgres
--

SELECT pg_catalog.setval('public.notification_template_type_id_seq', 1, false);


--
-- Name: permissions_id_seq; Type: SEQUENCE SET; Schema: public; Owner: postgres
--

SELECT pg_catalog.setval('public.permissions_id_seq', 41, true);


--
-- Name: pets_id_seq; Type: SEQUENCE SET; Schema: public; Owner: postgres
--

SELECT pg_catalog.setval('public.pets_id_seq', 11, true);


--
-- Name: roles_id_seq; Type: SEQUENCE SET; Schema: public; Owner: postgres
--

SELECT pg_catalog.setval('public.roles_id_seq', 9, true);


--
-- Name: shelters_id_seq; Type: SEQUENCE SET; Schema: public; Owner: postgres
--

SELECT pg_catalog.setval('public.shelters_id_seq', 1, true);


--
-- Name: social_login_provider_id_seq; Type: SEQUENCE SET; Schema: public; Owner: postgres
--

SELECT pg_catalog.setval('public.social_login_provider_id_seq', 1, true);


--
-- Name: social_login_user_id_seq; Type: SEQUENCE SET; Schema: public; Owner: postgres
--

SELECT pg_catalog.setval('public.social_login_user_id_seq', 1, false);


--
-- Name: urine_analytes_id_seq; Type: SEQUENCE SET; Schema: public; Owner: postgres
--

SELECT pg_catalog.setval('public.urine_analytes_id_seq', 10, true);


--
-- Name: urine_measurements_id_seq; Type: SEQUENCE SET; Schema: public; Owner: postgres
--

SELECT pg_catalog.setval('public.urine_measurements_id_seq', 13, true);


--
-- Name: user_account_actions_id_seq; Type: SEQUENCE SET; Schema: public; Owner: postgres
--

SELECT pg_catalog.setval('public.user_account_actions_id_seq', 1, false);


--
-- Name: users_id_seq; Type: SEQUENCE SET; Schema: public; Owner: postgres
--

SELECT pg_catalog.setval('public.users_id_seq', 9, true);


--
-- Name: walks_id_seq; Type: SEQUENCE SET; Schema: public; Owner: postgres
--

SELECT pg_catalog.setval('public.walks_id_seq', 8, true);


--
-- Name: check_method_translations check_method_translations_pkey; Type: CONSTRAINT; Schema: public; Owner: postgres
--

ALTER TABLE ONLY public.check_method_translations
    ADD CONSTRAINT check_method_translations_pkey PRIMARY KEY (check_method_id, language_id);


--
-- Name: check_methods check_methods_pkey; Type: CONSTRAINT; Schema: public; Owner: postgres
--

ALTER TABLE ONLY public.check_methods
    ADD CONSTRAINT check_methods_pkey PRIMARY KEY (id);


--
-- Name: condition_check_methods condition_check_methods_pkey; Type: CONSTRAINT; Schema: public; Owner: postgres
--

ALTER TABLE ONLY public.condition_check_methods
    ADD CONSTRAINT condition_check_methods_pkey PRIMARY KEY (condition_id, check_method_id);


--
-- Name: condition_translations condition_translations_pkey; Type: CONSTRAINT; Schema: public; Owner: postgres
--

ALTER TABLE ONLY public.condition_translations
    ADD CONSTRAINT condition_translations_pkey PRIMARY KEY (condition_id, language_id);


--
-- Name: conditions conditions_name_species_key; Type: CONSTRAINT; Schema: public; Owner: postgres
--

ALTER TABLE ONLY public.conditions
    ADD CONSTRAINT conditions_name_species_key UNIQUE (name, species);


--
-- Name: conditions conditions_pkey; Type: CONSTRAINT; Schema: public; Owner: postgres
--

ALTER TABLE ONLY public.conditions
    ADD CONSTRAINT conditions_pkey PRIMARY KEY (id);


--
-- Name: diagnoses diagnoses_pkey; Type: CONSTRAINT; Schema: public; Owner: postgres
--

ALTER TABLE ONLY public.diagnoses
    ADD CONSTRAINT diagnoses_pkey PRIMARY KEY (id);


--
-- Name: diagnoses diagnoses_submission_id_condition_id_key; Type: CONSTRAINT; Schema: public; Owner: postgres
--

ALTER TABLE ONLY public.diagnoses
    ADD CONSTRAINT diagnoses_submission_id_condition_id_key UNIQUE (submission_id, condition_id);


--
-- Name: diagnosis_results diagnosis_results_pkey; Type: CONSTRAINT; Schema: public; Owner: postgres
--

ALTER TABLE ONLY public.diagnosis_results
    ADD CONSTRAINT diagnosis_results_pkey PRIMARY KEY (id);


--
-- Name: diagnosis_status diagnosis_status_name_key; Type: CONSTRAINT; Schema: public; Owner: postgres
--

ALTER TABLE ONLY public.diagnosis_status
    ADD CONSTRAINT diagnosis_status_name_key UNIQUE (name);


--
-- Name: diagnosis_status diagnosis_status_pkey; Type: CONSTRAINT; Schema: public; Owner: postgres
--

ALTER TABLE ONLY public.diagnosis_status
    ADD CONSTRAINT diagnosis_status_pkey PRIMARY KEY (id);


--
-- Name: email_verifications email_verifications_email_key; Type: CONSTRAINT; Schema: public; Owner: postgres
--

ALTER TABLE ONLY public.email_verifications
    ADD CONSTRAINT email_verifications_email_key UNIQUE (email);


--
-- Name: email_verifications email_verifications_pkey; Type: CONSTRAINT; Schema: public; Owner: postgres
--

ALTER TABLE ONLY public.email_verifications
    ADD CONSTRAINT email_verifications_pkey PRIMARY KEY (id);


--
-- Name: flyway_schema_history flyway_schema_history_pk; Type: CONSTRAINT; Schema: public; Owner: postgres
--

ALTER TABLE ONLY public.flyway_schema_history
    ADD CONSTRAINT flyway_schema_history_pk PRIMARY KEY (installed_rank);


--
-- Name: languages languages_pkey; Type: CONSTRAINT; Schema: public; Owner: postgres
--

ALTER TABLE ONLY public.languages
    ADD CONSTRAINT languages_pkey PRIMARY KEY (id);


--
-- Name: notification_template_type notification_template_type_name_key; Type: CONSTRAINT; Schema: public; Owner: postgres
--

ALTER TABLE ONLY public.notification_template_type
    ADD CONSTRAINT notification_template_type_name_key UNIQUE (name);


--
-- Name: notification_template_type notification_template_type_pkey; Type: CONSTRAINT; Schema: public; Owner: postgres
--

ALTER TABLE ONLY public.notification_template_type
    ADD CONSTRAINT notification_template_type_pkey PRIMARY KEY (id);


--
-- Name: permissions permissions_name_key; Type: CONSTRAINT; Schema: public; Owner: postgres
--

ALTER TABLE ONLY public.permissions
    ADD CONSTRAINT permissions_name_key UNIQUE (name);


--
-- Name: permissions permissions_pkey; Type: CONSTRAINT; Schema: public; Owner: postgres
--

ALTER TABLE ONLY public.permissions
    ADD CONSTRAINT permissions_pkey PRIMARY KEY (id);


--
-- Name: pets pets_pkey; Type: CONSTRAINT; Schema: public; Owner: postgres
--

ALTER TABLE ONLY public.pets
    ADD CONSTRAINT pets_pkey PRIMARY KEY (id);


--
-- Name: qrtz_blob_triggers qrtz_blob_triggers_pkey; Type: CONSTRAINT; Schema: public; Owner: postgres
--

ALTER TABLE ONLY public.qrtz_blob_triggers
    ADD CONSTRAINT qrtz_blob_triggers_pkey PRIMARY KEY (sched_name, trigger_name, trigger_group);


--
-- Name: qrtz_calendars qrtz_calendars_pkey; Type: CONSTRAINT; Schema: public; Owner: postgres
--

ALTER TABLE ONLY public.qrtz_calendars
    ADD CONSTRAINT qrtz_calendars_pkey PRIMARY KEY (sched_name, calendar_name);


--
-- Name: qrtz_cron_triggers qrtz_cron_triggers_pkey; Type: CONSTRAINT; Schema: public; Owner: postgres
--

ALTER TABLE ONLY public.qrtz_cron_triggers
    ADD CONSTRAINT qrtz_cron_triggers_pkey PRIMARY KEY (sched_name, trigger_name, trigger_group);


--
-- Name: qrtz_fired_triggers qrtz_fired_triggers_pkey; Type: CONSTRAINT; Schema: public; Owner: postgres
--

ALTER TABLE ONLY public.qrtz_fired_triggers
    ADD CONSTRAINT qrtz_fired_triggers_pkey PRIMARY KEY (sched_name, entry_id);


--
-- Name: qrtz_job_details qrtz_job_details_pkey; Type: CONSTRAINT; Schema: public; Owner: postgres
--

ALTER TABLE ONLY public.qrtz_job_details
    ADD CONSTRAINT qrtz_job_details_pkey PRIMARY KEY (sched_name, job_name, job_group);


--
-- Name: qrtz_locks qrtz_locks_pkey; Type: CONSTRAINT; Schema: public; Owner: postgres
--

ALTER TABLE ONLY public.qrtz_locks
    ADD CONSTRAINT qrtz_locks_pkey PRIMARY KEY (sched_name, lock_name);


--
-- Name: qrtz_paused_trigger_grps qrtz_paused_trigger_grps_pkey; Type: CONSTRAINT; Schema: public; Owner: postgres
--

ALTER TABLE ONLY public.qrtz_paused_trigger_grps
    ADD CONSTRAINT qrtz_paused_trigger_grps_pkey PRIMARY KEY (sched_name, trigger_group);


--
-- Name: qrtz_scheduler_state qrtz_scheduler_state_pkey; Type: CONSTRAINT; Schema: public; Owner: postgres
--

ALTER TABLE ONLY public.qrtz_scheduler_state
    ADD CONSTRAINT qrtz_scheduler_state_pkey PRIMARY KEY (sched_name, instance_name);


--
-- Name: qrtz_simple_triggers qrtz_simple_triggers_pkey; Type: CONSTRAINT; Schema: public; Owner: postgres
--

ALTER TABLE ONLY public.qrtz_simple_triggers
    ADD CONSTRAINT qrtz_simple_triggers_pkey PRIMARY KEY (sched_name, trigger_name, trigger_group);


--
-- Name: qrtz_simprop_triggers qrtz_simprop_triggers_pkey; Type: CONSTRAINT; Schema: public; Owner: postgres
--

ALTER TABLE ONLY public.qrtz_simprop_triggers
    ADD CONSTRAINT qrtz_simprop_triggers_pkey PRIMARY KEY (sched_name, trigger_name, trigger_group);


--
-- Name: qrtz_triggers qrtz_triggers_pkey; Type: CONSTRAINT; Schema: public; Owner: postgres
--

ALTER TABLE ONLY public.qrtz_triggers
    ADD CONSTRAINT qrtz_triggers_pkey PRIMARY KEY (sched_name, trigger_name, trigger_group);


--
-- Name: refresh_tokens refresh_tokens_pkey; Type: CONSTRAINT; Schema: public; Owner: postgres
--

ALTER TABLE ONLY public.refresh_tokens
    ADD CONSTRAINT refresh_tokens_pkey PRIMARY KEY (id);


--
-- Name: role_permissions role_permissions_pkey; Type: CONSTRAINT; Schema: public; Owner: postgres
--

ALTER TABLE ONLY public.role_permissions
    ADD CONSTRAINT role_permissions_pkey PRIMARY KEY (permission_id, role_id);


--
-- Name: role_permissions role_permissions_unique_role_permission; Type: CONSTRAINT; Schema: public; Owner: postgres
--

ALTER TABLE ONLY public.role_permissions
    ADD CONSTRAINT role_permissions_unique_role_permission UNIQUE (role_id, permission_id);


--
-- Name: roles roles_name_key; Type: CONSTRAINT; Schema: public; Owner: postgres
--

ALTER TABLE ONLY public.roles
    ADD CONSTRAINT roles_name_key UNIQUE (name);


--
-- Name: roles roles_pkey; Type: CONSTRAINT; Schema: public; Owner: postgres
--

ALTER TABLE ONLY public.roles
    ADD CONSTRAINT roles_pkey PRIMARY KEY (id);


--
-- Name: shelters shelters_name_key; Type: CONSTRAINT; Schema: public; Owner: postgres
--

ALTER TABLE ONLY public.shelters
    ADD CONSTRAINT shelters_name_key UNIQUE (name);


--
-- Name: shelters shelters_phone_number_key; Type: CONSTRAINT; Schema: public; Owner: postgres
--

ALTER TABLE ONLY public.shelters
    ADD CONSTRAINT shelters_phone_number_key UNIQUE (phone_number);


--
-- Name: shelters shelters_pkey; Type: CONSTRAINT; Schema: public; Owner: postgres
--

ALTER TABLE ONLY public.shelters
    ADD CONSTRAINT shelters_pkey PRIMARY KEY (id);


--
-- Name: social_login_provider social_login_provider_name_key; Type: CONSTRAINT; Schema: public; Owner: postgres
--

ALTER TABLE ONLY public.social_login_provider
    ADD CONSTRAINT social_login_provider_name_key UNIQUE (name);


--
-- Name: social_login_provider social_login_provider_pkey; Type: CONSTRAINT; Schema: public; Owner: postgres
--

ALTER TABLE ONLY public.social_login_provider
    ADD CONSTRAINT social_login_provider_pkey PRIMARY KEY (id);


--
-- Name: social_login_user social_login_user_pkey; Type: CONSTRAINT; Schema: public; Owner: postgres
--

ALTER TABLE ONLY public.social_login_user
    ADD CONSTRAINT social_login_user_pkey PRIMARY KEY (id);


--
-- Name: submissions submissions_pkey; Type: CONSTRAINT; Schema: public; Owner: postgres
--

ALTER TABLE ONLY public.submissions
    ADD CONSTRAINT submissions_pkey PRIMARY KEY (id);


--
-- Name: check_methods uq_check_methods_name; Type: CONSTRAINT; Schema: public; Owner: postgres
--

ALTER TABLE ONLY public.check_methods
    ADD CONSTRAINT uq_check_methods_name UNIQUE (name);


--
-- Name: languages uq_languages_code; Type: CONSTRAINT; Schema: public; Owner: postgres
--

ALTER TABLE ONLY public.languages
    ADD CONSTRAINT uq_languages_code UNIQUE (code);


--
-- Name: languages uq_languages_name; Type: CONSTRAINT; Schema: public; Owner: postgres
--

ALTER TABLE ONLY public.languages
    ADD CONSTRAINT uq_languages_name UNIQUE (name);


--
-- Name: urine_analytes urine_analytes_name_key; Type: CONSTRAINT; Schema: public; Owner: postgres
--

ALTER TABLE ONLY public.urine_analytes
    ADD CONSTRAINT urine_analytes_name_key UNIQUE (name);


--
-- Name: urine_analytes urine_analytes_pkey; Type: CONSTRAINT; Schema: public; Owner: postgres
--

ALTER TABLE ONLY public.urine_analytes
    ADD CONSTRAINT urine_analytes_pkey PRIMARY KEY (id);


--
-- Name: urine_measurements urine_measurements_pkey; Type: CONSTRAINT; Schema: public; Owner: postgres
--

ALTER TABLE ONLY public.urine_measurements
    ADD CONSTRAINT urine_measurements_pkey PRIMARY KEY (id);


--
-- Name: user_account_actions user_account_actions_pkey; Type: CONSTRAINT; Schema: public; Owner: postgres
--

ALTER TABLE ONLY public.user_account_actions
    ADD CONSTRAINT user_account_actions_pkey PRIMARY KEY (id);


--
-- Name: users users_email_key; Type: CONSTRAINT; Schema: public; Owner: postgres
--

ALTER TABLE ONLY public.users
    ADD CONSTRAINT users_email_key UNIQUE (email);


--
-- Name: users users_pkey; Type: CONSTRAINT; Schema: public; Owner: postgres
--

ALTER TABLE ONLY public.users
    ADD CONSTRAINT users_pkey PRIMARY KEY (id);


--
-- Name: walks walks_pkey; Type: CONSTRAINT; Schema: public; Owner: postgres
--

ALTER TABLE ONLY public.walks
    ADD CONSTRAINT walks_pkey PRIMARY KEY (id);


--
-- Name: flyway_schema_history_s_idx; Type: INDEX; Schema: public; Owner: postgres
--

CREATE INDEX flyway_schema_history_s_idx ON public.flyway_schema_history USING btree (success);


--
-- Name: idx_public_id; Type: INDEX; Schema: public; Owner: postgres
--

CREATE UNIQUE INDEX idx_public_id ON public.users USING btree (public_id);


--
-- Name: idx_qrtz_ft_inst_job_req_rcvry; Type: INDEX; Schema: public; Owner: postgres
--

CREATE INDEX idx_qrtz_ft_inst_job_req_rcvry ON public.qrtz_fired_triggers USING btree (sched_name, instance_name, requests_recovery);


--
-- Name: idx_qrtz_ft_j_g; Type: INDEX; Schema: public; Owner: postgres
--

CREATE INDEX idx_qrtz_ft_j_g ON public.qrtz_fired_triggers USING btree (sched_name, job_name, job_group);


--
-- Name: idx_qrtz_ft_jg; Type: INDEX; Schema: public; Owner: postgres
--

CREATE INDEX idx_qrtz_ft_jg ON public.qrtz_fired_triggers USING btree (sched_name, job_group);


--
-- Name: idx_qrtz_ft_t_g; Type: INDEX; Schema: public; Owner: postgres
--

CREATE INDEX idx_qrtz_ft_t_g ON public.qrtz_fired_triggers USING btree (sched_name, trigger_name, trigger_group);


--
-- Name: idx_qrtz_ft_tg; Type: INDEX; Schema: public; Owner: postgres
--

CREATE INDEX idx_qrtz_ft_tg ON public.qrtz_fired_triggers USING btree (sched_name, trigger_group);


--
-- Name: idx_qrtz_ft_trig_inst_name; Type: INDEX; Schema: public; Owner: postgres
--

CREATE INDEX idx_qrtz_ft_trig_inst_name ON public.qrtz_fired_triggers USING btree (sched_name, instance_name);


--
-- Name: idx_qrtz_j_grp; Type: INDEX; Schema: public; Owner: postgres
--

CREATE INDEX idx_qrtz_j_grp ON public.qrtz_job_details USING btree (sched_name, job_group);


--
-- Name: idx_qrtz_j_req_recovery; Type: INDEX; Schema: public; Owner: postgres
--

CREATE INDEX idx_qrtz_j_req_recovery ON public.qrtz_job_details USING btree (sched_name, requests_recovery);


--
-- Name: idx_qrtz_t_c; Type: INDEX; Schema: public; Owner: postgres
--

CREATE INDEX idx_qrtz_t_c ON public.qrtz_triggers USING btree (sched_name, calendar_name);


--
-- Name: idx_qrtz_t_g; Type: INDEX; Schema: public; Owner: postgres
--

CREATE INDEX idx_qrtz_t_g ON public.qrtz_triggers USING btree (sched_name, trigger_group);


--
-- Name: idx_qrtz_t_j; Type: INDEX; Schema: public; Owner: postgres
--

CREATE INDEX idx_qrtz_t_j ON public.qrtz_triggers USING btree (sched_name, job_name, job_group);


--
-- Name: idx_qrtz_t_jg; Type: INDEX; Schema: public; Owner: postgres
--

CREATE INDEX idx_qrtz_t_jg ON public.qrtz_triggers USING btree (sched_name, job_group);


--
-- Name: idx_qrtz_t_n_g_state; Type: INDEX; Schema: public; Owner: postgres
--

CREATE INDEX idx_qrtz_t_n_g_state ON public.qrtz_triggers USING btree (sched_name, trigger_group, trigger_state);


--
-- Name: idx_qrtz_t_n_state; Type: INDEX; Schema: public; Owner: postgres
--

CREATE INDEX idx_qrtz_t_n_state ON public.qrtz_triggers USING btree (sched_name, trigger_name, trigger_group, trigger_state);


--
-- Name: idx_qrtz_t_next_fire_time; Type: INDEX; Schema: public; Owner: postgres
--

CREATE INDEX idx_qrtz_t_next_fire_time ON public.qrtz_triggers USING btree (sched_name, next_fire_time);


--
-- Name: idx_qrtz_t_nft_misfire; Type: INDEX; Schema: public; Owner: postgres
--

CREATE INDEX idx_qrtz_t_nft_misfire ON public.qrtz_triggers USING btree (sched_name, misfire_instr, next_fire_time);


--
-- Name: idx_qrtz_t_nft_st; Type: INDEX; Schema: public; Owner: postgres
--

CREATE INDEX idx_qrtz_t_nft_st ON public.qrtz_triggers USING btree (sched_name, trigger_state, next_fire_time);


--
-- Name: idx_qrtz_t_nft_st_misfire; Type: INDEX; Schema: public; Owner: postgres
--

CREATE INDEX idx_qrtz_t_nft_st_misfire ON public.qrtz_triggers USING btree (sched_name, misfire_instr, next_fire_time, trigger_state);


--
-- Name: idx_qrtz_t_nft_st_misfire_grp; Type: INDEX; Schema: public; Owner: postgres
--

CREATE INDEX idx_qrtz_t_nft_st_misfire_grp ON public.qrtz_triggers USING btree (sched_name, misfire_instr, next_fire_time, trigger_group, trigger_state);


--
-- Name: idx_qrtz_t_state; Type: INDEX; Schema: public; Owner: postgres
--

CREATE INDEX idx_qrtz_t_state ON public.qrtz_triggers USING btree (sched_name, trigger_state);


--
-- Name: idx_unique_submission_analyte; Type: INDEX; Schema: public; Owner: postgres
--

CREATE UNIQUE INDEX idx_unique_submission_analyte ON public.urine_measurements USING btree (submission_id, analyte_id);


--
-- Name: idx_walks_pet_id; Type: INDEX; Schema: public; Owner: postgres
--

CREATE INDEX idx_walks_pet_id ON public.walks USING btree (pet_id);


--
-- Name: uix_provider_user; Type: INDEX; Schema: public; Owner: postgres
--

CREATE UNIQUE INDEX uix_provider_user ON public.social_login_user USING btree (provider_id, provider_user_id);


--
-- Name: uix_user_provider; Type: INDEX; Schema: public; Owner: postgres
--

CREATE UNIQUE INDEX uix_user_provider ON public.social_login_user USING btree (user_id, provider_id);


--
-- Name: diagnoses diagnoses_condition_id_fkey; Type: FK CONSTRAINT; Schema: public; Owner: postgres
--

ALTER TABLE ONLY public.diagnoses
    ADD CONSTRAINT diagnoses_condition_id_fkey FOREIGN KEY (condition_id) REFERENCES public.conditions(id);


--
-- Name: diagnoses diagnoses_submission_id_fkey; Type: FK CONSTRAINT; Schema: public; Owner: postgres
--

ALTER TABLE ONLY public.diagnoses
    ADD CONSTRAINT diagnoses_submission_id_fkey FOREIGN KEY (submission_id) REFERENCES public.submissions(id);


--
-- Name: refresh_tokens fk1lih5y2npsf8u5o3vhdb9y0os; Type: FK CONSTRAINT; Schema: public; Owner: postgres
--

ALTER TABLE ONLY public.refresh_tokens
    ADD CONSTRAINT fk1lih5y2npsf8u5o3vhdb9y0os FOREIGN KEY (user_id) REFERENCES public.users(id);


--
-- Name: urine_measurements fk_analyte; Type: FK CONSTRAINT; Schema: public; Owner: postgres
--

ALTER TABLE ONLY public.urine_measurements
    ADD CONSTRAINT fk_analyte FOREIGN KEY (analyte_id) REFERENCES public.urine_analytes(id);


--
-- Name: condition_check_methods fk_check_method; Type: FK CONSTRAINT; Schema: public; Owner: postgres
--

ALTER TABLE ONLY public.condition_check_methods
    ADD CONSTRAINT fk_check_method FOREIGN KEY (check_method_id) REFERENCES public.check_methods(id) ON DELETE RESTRICT;


--
-- Name: check_method_translations fk_cmt_check_method; Type: FK CONSTRAINT; Schema: public; Owner: postgres
--

ALTER TABLE ONLY public.check_method_translations
    ADD CONSTRAINT fk_cmt_check_method FOREIGN KEY (check_method_id) REFERENCES public.check_methods(id) ON DELETE RESTRICT;


--
-- Name: check_method_translations fk_cmt_language; Type: FK CONSTRAINT; Schema: public; Owner: postgres
--

ALTER TABLE ONLY public.check_method_translations
    ADD CONSTRAINT fk_cmt_language FOREIGN KEY (language_id) REFERENCES public.languages(id) ON DELETE RESTRICT;


--
-- Name: condition_check_methods fk_condition; Type: FK CONSTRAINT; Schema: public; Owner: postgres
--

ALTER TABLE ONLY public.condition_check_methods
    ADD CONSTRAINT fk_condition FOREIGN KEY (condition_id) REFERENCES public.conditions(id) ON DELETE RESTRICT;


--
-- Name: condition_translations fk_ct_condition; Type: FK CONSTRAINT; Schema: public; Owner: postgres
--

ALTER TABLE ONLY public.condition_translations
    ADD CONSTRAINT fk_ct_condition FOREIGN KEY (condition_id) REFERENCES public.conditions(id) ON DELETE RESTRICT;


--
-- Name: condition_translations fk_ct_language; Type: FK CONSTRAINT; Schema: public; Owner: postgres
--

ALTER TABLE ONLY public.condition_translations
    ADD CONSTRAINT fk_ct_language FOREIGN KEY (language_id) REFERENCES public.languages(id) ON DELETE RESTRICT;


--
-- Name: social_login_user fk_social_user_provider_id; Type: FK CONSTRAINT; Schema: public; Owner: postgres
--

ALTER TABLE ONLY public.social_login_user
    ADD CONSTRAINT fk_social_user_provider_id FOREIGN KEY (provider_id) REFERENCES public.social_login_provider(id) ON DELETE RESTRICT;


--
-- Name: social_login_user fk_social_user_user_id; Type: FK CONSTRAINT; Schema: public; Owner: postgres
--

ALTER TABLE ONLY public.social_login_user
    ADD CONSTRAINT fk_social_user_user_id FOREIGN KEY (user_id) REFERENCES public.users(id) ON DELETE CASCADE;


--
-- Name: urine_measurements fk_submission; Type: FK CONSTRAINT; Schema: public; Owner: postgres
--

ALTER TABLE ONLY public.urine_measurements
    ADD CONSTRAINT fk_submission FOREIGN KEY (submission_id) REFERENCES public.submissions(id) ON DELETE SET NULL;


--
-- Name: walks fk_walks_pet; Type: FK CONSTRAINT; Schema: public; Owner: postgres
--

ALTER TABLE ONLY public.walks
    ADD CONSTRAINT fk_walks_pet FOREIGN KEY (pet_id) REFERENCES public.pets(id);


--
-- Name: role_permissions fkegdk29eiy7mdtefy5c7eirr6e; Type: FK CONSTRAINT; Schema: public; Owner: postgres
--

ALTER TABLE ONLY public.role_permissions
    ADD CONSTRAINT fkegdk29eiy7mdtefy5c7eirr6e FOREIGN KEY (permission_id) REFERENCES public.permissions(id);


--
-- Name: user_account_actions fkg97gvgg6wdbntaoomexsts2y1; Type: FK CONSTRAINT; Schema: public; Owner: postgres
--

ALTER TABLE ONLY public.user_account_actions
    ADD CONSTRAINT fkg97gvgg6wdbntaoomexsts2y1 FOREIGN KEY (action_by_user_id) REFERENCES public.users(id);


--
-- Name: role_permissions fkn5fotdgk8d1xvo8nav9uv3muc; Type: FK CONSTRAINT; Schema: public; Owner: postgres
--

ALTER TABLE ONLY public.role_permissions
    ADD CONSTRAINT fkn5fotdgk8d1xvo8nav9uv3muc FOREIGN KEY (role_id) REFERENCES public.roles(id);


--
-- Name: pets fkoygstexeo9ivoylgrdrv2tc39; Type: FK CONSTRAINT; Schema: public; Owner: postgres
--

ALTER TABLE ONLY public.pets
    ADD CONSTRAINT fkoygstexeo9ivoylgrdrv2tc39 FOREIGN KEY (owner_id) REFERENCES public.users(id);


--
-- Name: users fkp56c1712k691lhsyewcssf40f; Type: FK CONSTRAINT; Schema: public; Owner: postgres
--

ALTER TABLE ONLY public.users
    ADD CONSTRAINT fkp56c1712k691lhsyewcssf40f FOREIGN KEY (role_id) REFERENCES public.roles(id);


--
-- Name: user_account_actions fksp91sxhdibd4v445t23kyuum; Type: FK CONSTRAINT; Schema: public; Owner: postgres
--

ALTER TABLE ONLY public.user_account_actions
    ADD CONSTRAINT fksp91sxhdibd4v445t23kyuum FOREIGN KEY (user_id) REFERENCES public.users(id);


--
-- Name: qrtz_blob_triggers qrtz_blob_triggers_sched_name_trigger_name_trigger_group_fkey; Type: FK CONSTRAINT; Schema: public; Owner: postgres
--

ALTER TABLE ONLY public.qrtz_blob_triggers
    ADD CONSTRAINT qrtz_blob_triggers_sched_name_trigger_name_trigger_group_fkey FOREIGN KEY (sched_name, trigger_name, trigger_group) REFERENCES public.qrtz_triggers(sched_name, trigger_name, trigger_group);


--
-- Name: qrtz_cron_triggers qrtz_cron_triggers_sched_name_trigger_name_trigger_group_fkey; Type: FK CONSTRAINT; Schema: public; Owner: postgres
--

ALTER TABLE ONLY public.qrtz_cron_triggers
    ADD CONSTRAINT qrtz_cron_triggers_sched_name_trigger_name_trigger_group_fkey FOREIGN KEY (sched_name, trigger_name, trigger_group) REFERENCES public.qrtz_triggers(sched_name, trigger_name, trigger_group);


--
-- Name: qrtz_simple_triggers qrtz_simple_triggers_sched_name_trigger_name_trigger_group_fkey; Type: FK CONSTRAINT; Schema: public; Owner: postgres
--

ALTER TABLE ONLY public.qrtz_simple_triggers
    ADD CONSTRAINT qrtz_simple_triggers_sched_name_trigger_name_trigger_group_fkey FOREIGN KEY (sched_name, trigger_name, trigger_group) REFERENCES public.qrtz_triggers(sched_name, trigger_name, trigger_group);


--
-- Name: qrtz_simprop_triggers qrtz_simprop_triggers_sched_name_trigger_name_trigger_grou_fkey; Type: FK CONSTRAINT; Schema: public; Owner: postgres
--

ALTER TABLE ONLY public.qrtz_simprop_triggers
    ADD CONSTRAINT qrtz_simprop_triggers_sched_name_trigger_name_trigger_grou_fkey FOREIGN KEY (sched_name, trigger_name, trigger_group) REFERENCES public.qrtz_triggers(sched_name, trigger_name, trigger_group);


--
-- Name: qrtz_triggers qrtz_triggers_sched_name_job_name_job_group_fkey; Type: FK CONSTRAINT; Schema: public; Owner: postgres
--

ALTER TABLE ONLY public.qrtz_triggers
    ADD CONSTRAINT qrtz_triggers_sched_name_job_name_job_group_fkey FOREIGN KEY (sched_name, job_name, job_group) REFERENCES public.qrtz_job_details(sched_name, job_name, job_group);


--
-- Name: submissions submissions_pet_id_fkey; Type: FK CONSTRAINT; Schema: public; Owner: postgres
--

ALTER TABLE ONLY public.submissions
    ADD CONSTRAINT submissions_pet_id_fkey FOREIGN KEY (pet_id) REFERENCES public.pets(id);


--
-- PostgreSQL database dump complete
--

\unrestrict 5ZhJtVA3h3e8DG9ekBdzrdwkTRHAaP0vLmTCGMS4Cl55O54Xk3pZ27n9jfY0NkR

